1,Bulbasaur,Grass,318,45,49,49,65,65,45,
,,,,,,,,,,
,,Poison,,,,,,,,
2,Ivysaur,Grass,405,60,62,63,80,80,60,
,,,,,,,,,,
,,Poison,,,,,,,,
3,Venusaur,Grass,525,80,82,83,100,100,80,
,,,,,,,,,,
,,Poison,,,,,,,,
3,Venusaur,Grass,625,80,100,123,122,120,80,
,,Poison,,,,,,,,
,Mega Venusaur,,,,,,,,,
4,Charmander,Fire,309,39,52,43,60,50,65,
,,,,,,,,,,
5,Charmeleon,Fire,405,58,64,58,80,65,80,
,,,,,,,,,,
6,Charizard,Fire,534,78,84,78,109,85,100,
,,,,,,,,,,
,,Flying,,,,,,,,
6,Charizard,Fire,634,78,130,111,130,85,100,
,,Dragon,,,,,,,,
,MegaCharizardX,,,,,,,,,
6,Charizard,Fire,634,78,104,78,159,115,100,
,,Flying,,,,,,,,
,MegaCharizardY,,,,,,,,,
7,Squirtle,Water,314,44,48,65,50,64,43,
,,,,,,,,,,
8,Wartortle,Water,405,59,63,80,65,80,58,
,,,,,,,,,,
9,Blastoise,Water,530,79,83,100,85,105,78,
,,,,,,,,,,
9,Blastoise,Water,630,79,103,120,135,115,78,
,,,,,,,,,,
,MegaBlastoise,,,,,,,,,
10,Caterpie,Bug,195,45,30,35,20,20,45,
,,,,,,,,,,
11,Metapod,Bug,205,50,20,55,25,25,30,
,,,,,,,,,,
12,Butterfree,Bug,395,60,45,50,90,80,70,
,,,,,,,,,,
,,Flying,,,,,,,,
13,Weedle,Bug,195,40,35,30,20,20,50,
,,,,,,,,,,
,,Poison,,,,,,,,
14,Kakuna,Bug,205,45,25,50,25,25,35,
,,,,,,,,,,
,,Poison,,,,,,,,
15,Beedrill,Bug,395,65,90,40,45,80,75,
,,,,,,,,,,
,,Poison,,,,,,,,
15,Beedrill,Bug,495,65,150,40,15,80,145,
,,Poison,,,,,,,,
,MegaBeedrill,,,,,,,,,
16,Pidgey,Normal,251,40,45,40,35,35,56,
,,,,,,,,,,
,,Flying,,,,,,,,
17,Pidgeotto,Normal,349,63,60,55,50,50,71,
,,,,,,,,,,
,,Flying,,,,,,,,
18,Pidgeot,Normal,479,83,80,75,70,70,101,
,,,,,,,,,,
,,Flying,,,,,,,,
18,Pidgeot,Normal,579,83,80,80,135,80,121,
,,Flying,,,,,,,,
,MegaPidgeot,,,,,,,,,
19,Rattata,Normal,253,30,56,35,25,35,72,
,,,,,,,,,,
19,Rattata,Dark,253,30,56,35,25,35,72,
,,Normal,,,,,,,,
,AlolanRattata,,,,,,,,,
20,Raticate,Normal,413,55,81,60,50,70,97,
,,,,,,,,,,
20,Raticate,Dark,413,75,71,70,40,80,77,
,,Normal,,,,,,,,
,AlolanRaticate,,,,,,,,,
21,Spearow,Normal,262,40,60,30,31,31,70,
,,,,,,,,,,
,,Flying,,,,,,,,
22,Fearow,Normal,442,65,90,65,61,61,100,
,,,,,,,,,,
,,Flying,,,,,,,,
23,Ekans,Poison,288,35,60,44,40,54,55,
,,,,,,,,,,
24,Arbok,Poison,448,60,95,69,65,79,80,
,,,,,,,,,,
25,Pikachu,Electric,320,35,55,40,50,50,90,
,,,,,,,,,,
25,Pikachu,Electric,430,45,80,50,75,60,120,
,,,,,,,,,,
,PartnerPikachu,,,,,,,,,
26,Raichu,Electric,485,60,90,55,90,80,110,
,,,,,,,,,,
26,Raichu,Electric,485,60,85,50,95,85,110,
,,Psychic,,,,,,,,
,AlolanRaichu,,,,,,,,,
27,Sandshrew,Ground,300,50,75,85,20,30,40,
,,,,,,,,,,
27,Sandshrew,Ice,300,50,75,90,10,35,40,
,,Steel,,,,,,,,
,AlolanSandshrew,,,,,,,,,
28,Sandslash,Ground,450,75,100,110,45,55,65,
,,,,,,,,,,
28,Sandslash,Ice,450,75,100,120,25,65,65,
,,Steel,,,,,,,,
,AlolanSandslash,,,,,,,,,
29,Nidoran♀,Poison,275,55,47,52,40,40,41,
,,,,,,,,,,
30,Nidorina,Poison,365,70,62,67,55,55,56,
,,,,,,,,,,
31,Nidoqueen,Poison,505,90,92,87,75,85,76,
,,,,,,,,,,
,,Ground,,,,,,,,
32,Nidoran♂,Poison,273,46,57,40,40,40,50,
,,,,,,,,,,
33,Nidorino,Poison,365,61,72,57,55,55,65,
,,,,,,,,,,
34,Nidoking,Poison,505,81,102,77,85,75,85,
,,,,,,,,,,
,,Ground,,,,,,,,
35,Clefairy,Fairy,323,70,45,48,60,65,35,
,,,,,,,,,,
36,Clefable,Fairy,483,95,70,73,95,90,60,
,,,,,,,,,,
37,Vulpix,Fire,299,38,41,40,50,65,65,
,,,,,,,,,,
37,Vulpix,Ice,299,38,41,40,50,65,65,
,,,,,,,,,,
,AlolanVulpix,,,,,,,,,
38,Ninetales,Fire,505,73,76,75,81,100,100,
,,,,,,,,,,
38,Ninetales,Ice,505,73,67,75,81,100,109,
,,Fairy,,,,,,,,
,AlolanNinetales,,,,,,,,,
39,Jigglypuff,Normal,270,115,45,20,45,25,20,
,,,,,,,,,,
,,Fairy,,,,,,,,
40,Wigglytuff,Normal,435,140,70,45,85,50,45,
,,,,,,,,,,
,,Fairy,,,,,,,,
41,Zubat,Poison,245,40,45,35,30,40,55,
,,,,,,,,,,
,,Flying,,,,,,,,
42,Golbat,Poison,455,75,80,70,65,75,90,
,,,,,,,,,,
,,Flying,,,,,,,,
43,Oddish,Grass,320,45,50,55,75,65,30,
,,,,,,,,,,
,,Poison,,,,,,,,
44,Gloom,Grass,395,60,65,70,85,75,40,
,,,,,,,,,,
,,Poison,,,,,,,,
45,Vileplume,Grass,490,75,80,85,110,90,50,
,,,,,,,,,,
,,Poison,,,,,,,,
46,Paras,Bug,285,35,70,55,45,55,25,
,,,,,,,,,,
,,Grass,,,,,,,,
47,Parasect,Bug,405,60,95,80,60,80,30,
,,,,,,,,,,
,,Grass,,,,,,,,
48,Venonat,Bug,305,60,55,50,40,55,45,
,,,,,,,,,,
,,Poison,,,,,,,,
49,Venomoth,Bug,450,70,65,60,90,75,90,
,,,,,,,,,,
,,Poison,,,,,,,,
50,Diglett,Ground,265,10,55,25,35,45,95,
,,,,,,,,,,
50,Diglett,Ground,265,10,55,30,35,45,90,
,,Steel,,,,,,,,
,AlolanDiglett,,,,,,,,,
51,Dugtrio,Ground,425,35,100,50,50,70,120,
,,,,,,,,,,
51,Dugtrio,Ground,425,35,100,60,50,70,110,
,,Steel,,,,,,,,
,AlolanDugtrio,,,,,,,,,
52,Meowth,Normal,290,40,45,35,40,40,90,
,,,,,,,,,,
52,Meowth,Dark,290,40,35,35,50,40,90,
,,,,,,,,,,
,AlolanMeowth,,,,,,,,,
52,Meowth,Steel,290,50,65,55,40,40,40,
,,,,,,,,,,
,GalarianMeowth,,,,,,,,,
53,Persian,Normal,440,65,70,60,65,65,115,
,,,,,,,,,,
53,Persian,Dark,440,65,60,60,75,65,115,
,,,,,,,,,,
,AlolanPersian,,,,,,,,,
54,Psyduck,Water,320,50,52,48,65,50,55,
,,,,,,,,,,
55,Golduck,Water,500,80,82,78,95,80,85,
,,,,,,,,,,
56,Mankey,Fighting,305,40,80,35,35,45,70,
,,,,,,,,,,
57,Primeape,Fighting,455,65,105,60,60,70,95,
,,,,,,,,,,
58,Growlithe,Fire,350,55,70,45,70,50,60,
,,,,,,,,,,
58,Growlithe,Fire,350,60,75,45,65,50,55,
,,Rock,,,,,,,,
,HisuianGrowlithe,,,,,,,,,
59,Arcanine,Fire,555,90,110,80,100,80,95,
,,,,,,,,,,
59,Arcanine,Fire,555,95,115,80,95,80,90,
,,Rock,,,,,,,,
,HisuianArcanine,,,,,,,,,
60,Poliwag,Water,300,40,50,40,40,40,90,
,,,,,,,,,,
61,Poliwhirl,Water,385,65,65,65,50,50,90,
,,,,,,,,,,
62,Poliwrath,Water,510,90,95,95,70,90,70,
,,,,,,,,,,
,,Fighting,,,,,,,,
63,Abra,Psychic,310,25,20,15,105,55,90,
,,,,,,,,,,
64,Kadabra,Psychic,400,40,35,30,120,70,105,
,,,,,,,,,,
65,Alakazam,Psychic,500,55,50,45,135,95,120,
,,,,,,,,,,
65,Alakazam,Psychic,600,55,50,65,175,105,150,
,,,,,,,,,,
,MegaAlakazam,,,,,,,,,
66,Machop,Fighting,305,70,80,50,35,35,35,
,,,,,,,,,,
67,Machoke,Fighting,405,80,100,70,50,60,45,
,,,,,,,,,,
68,Machamp,Fighting,505,90,130,80,65,85,55,
,,,,,,,,,,
69,Bellsprout,Grass,300,50,75,35,70,30,40,
,,,,,,,,,,
,,Poison,,,,,,,,
70,Weepinbell,Grass,390,65,90,50,85,45,55,
,,,,,,,,,,
,,Poison,,,,,,,,
71,Victreebel,Grass,490,80,105,65,100,70,70,
,,,,,,,,,,
,,Poison,,,,,,,,
72,Tentacool,Water,335,40,40,35,50,100,70,
,,,,,,,,,,
,,Poison,,,,,,,,
73,Tentacruel,Water,515,80,70,65,80,120,100,
,,,,,,,,,,
,,Poison,,,,,,,,
74,Geodude,Rock,300,40,80,100,30,30,20,
,,,,,,,,,,
,,Ground,,,,,,,,
74,Geodude,Rock,300,40,80,100,30,30,20,
,,Electric,,,,,,,,
,AlolanGeodude,,,,,,,,,
75,Graveler,Rock,390,55,95,115,45,45,35,
,,,,,,,,,,
,,Ground,,,,,,,,
75,Graveler,Rock,390,55,95,115,45,45,35,
,,Electric,,,,,,,,
,AlolanGraveler,,,,,,,,,
76,Golem,Rock,495,80,120,130,55,65,45,
,,,,,,,,,,
,,Ground,,,,,,,,
76,Golem,Rock,495,80,120,130,55,65,45,
,,Electric,,,,,,,,
,AlolanGolem,,,,,,,,,
77,Ponyta,Fire,410,50,85,55,65,65,90,
,,,,,,,,,,
77,Ponyta,Psychic,410,50,85,55,65,65,90,
,,,,,,,,,,
,GalarianPonyta,,,,,,,,,
78,Rapidash,Fire,500,65,100,70,80,80,105,
,,,,,,,,,,
78,Rapidash,Psychic,500,65,100,70,80,80,105,
,,Fairy,,,,,,,,
,GalarianRapidash,,,,,,,,,
79,Slowpoke,Water,315,90,65,65,40,40,15,
,,,,,,,,,,
,,Psychic,,,,,,,,
79,Slowpoke,Psychic,315,90,65,65,40,40,15,
,,,,,,,,,,
,GalarianSlowpoke,,,,,,,,,
80,Slowbro,Water,490,95,75,110,100,80,30,
,,,,,,,,,,
,,Psychic,,,,,,,,
80,Slowbro,Water,590,95,75,180,130,80,30,
,,Psychic,,,,,,,,
,MegaSlowbro,,,,,,,,,
80,Slowbro,Poison,490,95,100,95,100,70,30,
,,Psychic,,,,,,,,
,GalarianSlowbro,,,,,,,,,
81,Magnemite,Electric,325,25,35,70,95,55,45,
,,,,,,,,,,
,,Steel,,,,,,,,
82,Magneton,Electric,465,50,60,95,120,70,70,
,,,,,,,,,,
,,Steel,,,,,,,,
83,Farfetch'd,Normal,377,52,90,55,58,62,60,
,,,,,,,,,,
,,Flying,,,,,,,,
83,Farfetch'd,Fighting,377,52,95,55,58,62,55,
,,,,,,,,,,
,GalarianFarfetch'd,,,,,,,,,
84,Doduo,Normal,310,35,85,45,35,35,75,
,,,,,,,,,,
,,Flying,,,,,,,,
85,Dodrio,Normal,470,60,110,70,60,60,110,
,,,,,,,,,,
,,Flying,,,,,,,,
86,Seel,Water,325,65,45,55,45,70,45,
,,,,,,,,,,
87,Dewgong,Water,475,90,70,80,70,95,70,
,,,,,,,,,,
,,Ice,,,,,,,,
88,Grimer,Poison,325,80,80,50,40,50,25,
,,,,,,,,,,
88,Grimer,Poison,325,80,80,50,40,50,25,
,,Dark,,,,,,,,
,AlolanGrimer,,,,,,,,,
89,Muk,Poison,500,105,105,75,65,100,50,
,,,,,,,,,,
89,Muk,Poison,500,105,105,75,65,100,50,
,,Dark,,,,,,,,
,AlolanMuk,,,,,,,,,
90,Shellder,Water,305,30,65,100,45,25,40,
,,,,,,,,,,
91,Cloyster,Water,525,50,95,180,85,45,70,
,,,,,,,,,,
,,Ice,,,,,,,,
92,Gastly,Ghost,310,30,35,30,100,35,80,
,,,,,,,,,,
,,Poison,,,,,,,,
93,Haunter,Ghost,405,45,50,45,115,55,95,
,,,,,,,,,,
,,Poison,,,,,,,,
94,Gengar,Ghost,500,60,65,60,130,75,110,
,,,,,,,,,,
,,Poison,,,,,,,,
94,Gengar,Ghost,600,60,65,80,170,95,130,
,,Poison,,,,,,,,
,MegaGengar,,,,,,,,,
95,Onix,Rock,385,35,45,160,30,45,70,
,,,,,,,,,,
,,Ground,,,,,,,,
96,Drowzee,Psychic,328,60,48,45,43,90,42,
,,,,,,,,,,
97,Hypno,Psychic,483,85,73,70,73,115,67,
,,,,,,,,,,
98,Krabby,Water,325,30,105,90,25,25,50,
,,,,,,,,,,
99,Kingler,Water,475,55,130,115,50,50,75,
,,,,,,,,,,
100,Voltorb,Electric,330,40,30,50,55,55,100,
,,,,,,,,,,
100,Voltorb,Electric,330,40,30,50,55,55,100,
,,Grass,,,,,,,,
,HisuianVoltorb,,,,,,,,,
101,Electrode,Electric,490,60,50,70,80,80,150,
,,,,,,,,,,
101,Electrode,Electric,490,60,50,70,80,80,150,
,,Grass,,,,,,,,
,HisuianElectrode,,,,,,,,,
102,Exeggcute,Grass,325,60,40,80,60,45,40,
,,,,,,,,,,
,,Psychic,,,,,,,,
103,Exeggutor,Grass,530,95,95,85,125,75,55,
,,,,,,,,,,
,,Psychic,,,,,,,,
103,Exeggutor,Grass,530,95,105,85,125,75,45,
,,Dragon,,,,,,,,
,AlolanExeggutor,,,,,,,,,
104,Cubone,Ground,320,50,50,95,40,50,35,
,,,,,,,,,,
105,Marowak,Ground,425,60,80,110,50,80,45,
,,,,,,,,,,
105,Marowak,Fire,425,60,80,110,50,80,45,
,,Ghost,,,,,,,,
,AlolanMarowak,,,,,,,,,
106,Hitmonlee,Fighting,455,50,120,53,35,110,87,
,,,,,,,,,,
107,Hitmonchan,Fighting,455,50,105,79,35,110,76,
,,,,,,,,,,
108,Lickitung,Normal,385,90,55,75,60,75,30,
,,,,,,,,,,
109,Koffing,Poison,340,40,65,95,60,45,35,
,,,,,,,,,,
110,Weezing,Poison,490,65,90,120,85,70,60,
,,,,,,,,,,
110,Weezing,Poison,490,65,90,120,85,70,60,
,,Fairy,,,,,,,,
,GalarianWeezing,,,,,,,,,
111,Rhyhorn,Ground,345,80,85,95,30,30,25,
,,,,,,,,,,
,,Rock,,,,,,,,
112,Rhydon,Ground,485,105,130,120,45,45,40,
,,,,,,,,,,
,,Rock,,,,,,,,
113,Chansey,Normal,450,250,5,5,35,105,50,
,,,,,,,,,,
114,Tangela,Grass,435,65,55,115,100,40,60,
,,,,,,,,,,
115,Kangaskhan,Normal,490,105,95,80,40,80,90,
,,,,,,,,,,
115,Kangaskhan,Normal,590,105,125,100,60,100,100,
,,,,,,,,,,
,MegaKangaskhan,,,,,,,,,
116,Horsea,Water,295,30,40,70,70,25,60,
,,,,,,,,,,
117,Seadra,Water,440,55,65,95,95,45,85,
,,,,,,,,,,
118,Goldeen,Water,320,45,67,60,35,50,63,
,,,,,,,,,,
119,Seaking,Water,450,80,92,65,65,80,68,
,,,,,,,,,,
120,Staryu,Water,340,30,45,55,70,55,85,
,,,,,,,,,,
121,Starmie,Water,520,60,75,85,100,85,115,
,,,,,,,,,,
,,Psychic,,,,,,,,
122,Mr.Mime,Psychic,460,40,45,65,100,120,90,
,,,,,,,,,,
,,Fairy,,,,,,,,
122,Mr.Mime,Ice,460,50,65,65,90,90,100,
,,Psychic,,,,,,,,
,GalarianMr.Mime,,,,,,,,,
123,Scyther,Bug,500,70,110,80,55,80,105,
,,,,,,,,,,
,,Flying,,,,,,,,
124,Jynx,Ice,455,65,50,35,115,95,95,
,,,,,,,,,,
,,Psychic,,,,,,,,
125,Electabuzz,Electric,490,65,83,57,95,85,105,
,,,,,,,,,,
126,Magmar,Fire,495,65,95,57,100,85,93,
,,,,,,,,,,
127,Pinsir,Bug,500,65,125,100,55,70,85,
,,,,,,,,,,
127,Pinsir,Bug,600,65,155,120,65,90,105,
,,Flying,,,,,,,,
,MegaPinsir,,,,,,,,,
128,Tauros,Normal,490,75,100,95,40,70,110,
,,,,,,,,,,
128,Tauros,Fighting,490,75,110,105,30,70,100,
,,,,,,,,,,
,CombatBreed,,,,,,,,,
128,Tauros,Fighting,490,75,110,105,30,70,100,
,,Fire,,,,,,,,
,BlazeBreed,,,,,,,,,
128,Tauros,Fighting,490,75,110,105,30,70,100,
,,Water,,,,,,,,
,AquaBreed,,,,,,,,,
129,Magikarp,Water,200,20,10,55,15,20,80,
,,,,,,,,,,
130,Gyarados,Water,540,95,125,79,60,100,81,
,,,,,,,,,,
,,Flying,,,,,,,,
130,Gyarados,Water,640,95,155,109,70,130,81,
,,Dark,,,,,,,,
,MegaGyarados,,,,,,,,,
131,Lapras,Water,535,130,85,80,85,95,60,
,,,,,,,,,,
,,Ice,,,,,,,,
132,Ditto,Normal,288,48,48,48,48,48,48,
,,,,,,,,,,
133,Eevee,Normal,325,55,55,50,45,65,55,
,,,,,,,,,,
133,Eevee,Normal,435,65,75,70,65,85,75,
,,,,,,,,,,
,PartnerEevee,,,,,,,,,
134,Vaporeon,Water,525,130,65,60,110,95,65,
,,,,,,,,,,
135,Jolteon,Electric,525,65,65,60,110,95,130,
,,,,,,,,,,
136,Flareon,Fire,525,65,130,60,95,110,65,
,,,,,,,,,,
137,Porygon,Normal,395,65,60,70,85,75,40,
,,,,,,,,,,
138,Omanyte,Rock,355,35,40,100,90,55,35,
,,,,,,,,,,
,,Water,,,,,,,,
139,Omastar,Rock,495,70,60,125,115,70,55,
,,,,,,,,,,
,,Water,,,,,,,,
140,Kabuto,Rock,355,30,80,90,55,45,55,
,,,,,,,,,,
,,Water,,,,,,,,
141,Kabutops,Rock,495,60,115,105,65,70,80,
,,,,,,,,,,
,,Water,,,,,,,,
142,Aerodactyl,Rock,515,80,105,65,60,75,130,
,,,,,,,,,,
,,Flying,,,,,,,,
142,Aerodactyl,Rock,615,80,135,85,70,95,150,
,,Flying,,,,,,,,
,MegaAerodactyl,,,,,,,,,
143,Snorlax,Normal,540,160,110,65,65,110,30,
,,,,,,,,,,
144,Articuno,Ice,580,90,85,100,95,125,85,
,,,,,,,,,,
,,Flying,,,,,,,,
144,Articuno,Psychic,580,90,85,85,125,100,95,
,,Flying,,,,,,,,
,GalarianArticuno,,,,,,,,,
145,Zapdos,Electric,580,90,90,85,125,90,100,
,,,,,,,,,,
,,Flying,,,,,,,,
145,Zapdos,Fighting,580,90,125,90,85,90,100,
,,Flying,,,,,,,,
,GalarianZapdos,,,,,,,,,
146,Moltres,Fire,580,90,100,90,125,85,90,
,,,,,,,,,,
,,Flying,,,,,,,,
146,Moltres,Dark,580,90,85,90,100,125,90,
,,Flying,,,,,,,,
,GalarianMoltres,,,,,,,,,
147,Dratini,Dragon,300,41,64,45,50,50,50,
,,,,,,,,,,
148,Dragonair,Dragon,420,61,84,65,70,70,70,
,,,,,,,,,,
149,Dragonite,Dragon,600,91,134,95,100,100,80,
,,,,,,,,,,
,,Flying,,,,,,,,
150,Mewtwo,Psychic,680,106,110,90,154,90,130,
,,,,,,,,,,
150,Mewtwo,Psychic,780,106,190,100,154,100,130,
,,Fighting,,,,,,,,
,MegaMewtwoX,,,,,,,,,
150,Mewtwo,Psychic,780,106,150,70,194,120,140,
,,,,,,,,,,
,MegaMewtwoY,,,,,,,,,
151,Mew,Psychic,600,100,100,100,100,100,100,
,,,,,,,,,,
152,Chikorita,Grass,318,45,49,65,49,65,45,
,,,,,,,,,,
153,Bayleef,Grass,405,60,62,80,63,80,60,
,,,,,,,,,,
154,Meganium,Grass,525,80,82,100,83,100,80,
,,,,,,,,,,
155,Cyndaquil,Fire,309,39,52,43,60,50,65,
,,,,,,,,,,
156,Quilava,Fire,405,58,64,58,80,65,80,
,,,,,,,,,,
157,Typhlosion,Fire,534,78,84,78,109,85,100,
,,,,,,,,,,
157,Typhlosion,Fire,534,73,84,78,119,85,95,
,,Ghost,,,,,,,,
,HisuianTyphlosion,,,,,,,,,
158,Totodile,Water,314,50,65,64,44,48,43,
,,,,,,,,,,
159,Croconaw,Water,405,65,80,80,59,63,58,
,,,,,,,,,,
160,Feraligatr,Water,530,85,105,100,79,83,78,
,,,,,,,,,,
161,Sentret,Normal,215,35,46,34,35,45,20,
,,,,,,,,,,
162,Furret,Normal,415,85,76,64,45,55,90,
,,,,,,,,,,
163,Hoothoot,Normal,262,60,30,30,36,56,50,
,,,,,,,,,,
,,Flying,,,,,,,,
164,Noctowl,Normal,452,100,50,50,86,96,70,
,,,,,,,,,,
,,Flying,,,,,,,,
165,Ledyba,Bug,265,40,20,30,40,80,55,
,,,,,,,,,,
,,Flying,,,,,,,,
166,Ledian,Bug,390,55,35,50,55,110,85,
,,,,,,,,,,
,,Flying,,,,,,,,
167,Spinarak,Bug,250,40,60,40,40,40,30,
,,,,,,,,,,
,,Poison,,,,,,,,
168,Ariados,Bug,400,70,90,70,60,70,40,
,,,,,,,,,,
,,Poison,,,,,,,,
169,Crobat,Poison,535,85,90,80,70,80,130,
,,,,,,,,,,
,,Flying,,,,,,,,
170,Chinchou,Water,330,75,38,38,56,56,67,
,,,,,,,,,,
,,Electric,,,,,,,,
171,Lanturn,Water,460,125,58,58,76,76,67,
,,,,,,,,,,
,,Electric,,,,,,,,
172,Pichu,Electric,205,20,40,15,35,35,60,
,,,,,,,,,,
173,Cleffa,Fairy,218,50,25,28,45,55,15,
,,,,,,,,,,
174,Igglybuff,Normal,210,90,30,15,40,20,15,
,,,,,,,,,,
,,Fairy,,,,,,,,
175,Togepi,Fairy,245,35,20,65,40,65,20,
,,,,,,,,,,
176,Togetic,Fairy,405,55,40,85,80,105,40,
,,,,,,,,,,
,,Flying,,,,,,,,
177,Natu,Psychic,320,40,50,45,70,45,70,
,,,,,,,,,,
,,Flying,,,,,,,,
178,Xatu,Psychic,470,65,75,70,95,70,95,
,,,,,,,,,,
,,Flying,,,,,,,,
179,Mareep,Electric,280,55,40,40,65,45,35,
,,,,,,,,,,
180,Flaaffy,Electric,365,70,55,55,80,60,45,
,,,,,,,,,,
181,Ampharos,Electric,510,90,75,85,115,90,55,
,,,,,,,,,,
181,Ampharos,Electric,610,90,95,105,165,110,45,
,,Dragon,,,,,,,,
,MegaAmpharos,,,,,,,,,
182,Bellossom,Grass,490,75,80,95,90,100,50,
,,,,,,,,,,
183,Marill,Water,250,70,20,50,20,50,40,
,,,,,,,,,,
,,Fairy,,,,,,,,
184,Azumarill,Water,420,100,50,80,60,80,50,
,,,,,,,,,,
,,Fairy,,,,,,,,
185,Sudowoodo,Rock,410,70,100,115,30,65,30,
,,,,,,,,,,
186,Politoed,Water,500,90,75,75,90,100,70,
,,,,,,,,,,
187,Hoppip,Grass,250,35,35,40,35,55,50,
,,,,,,,,,,
,,Flying,,,,,,,,
188,Skiploom,Grass,340,55,45,50,45,65,80,
,,,,,,,,,,
,,Flying,,,,,,,,
189,Jumpluff,Grass,460,75,55,70,55,95,110,
,,,,,,,,,,
,,Flying,,,,,,,,
190,Aipom,Normal,360,55,70,55,40,55,85,
,,,,,,,,,,
191,Sunkern,Grass,180,30,30,30,30,30,30,
,,,,,,,,,,
192,Sunflora,Grass,425,75,75,55,105,85,30,
,,,,,,,,,,
193,Yanma,Bug,390,65,65,45,75,45,95,
,,,,,,,,,,
,,Flying,,,,,,,,
194,Wooper,Water,210,55,45,45,25,25,15,
,,,,,,,,,,
,,Ground,,,,,,,,
194,Wooper,Poison,210,55,45,45,25,25,15,
,,Ground,,,,,,,,
,PaldeanWooper,,,,,,,,,
195,Quagsire,Water,430,95,85,85,65,65,35,
,,,,,,,,,,
,,Ground,,,,,,,,
196,Espeon,Psychic,525,65,65,60,130,95,110,
,,,,,,,,,,
197,Umbreon,Dark,525,95,65,110,60,130,65,
,,,,,,,,,,
198,Murkrow,Dark,405,60,85,42,85,42,91,
,,,,,,,,,,
,,Flying,,,,,,,,
199,Slowking,Water,490,95,75,80,100,110,30,
,,,,,,,,,,
,,Psychic,,,,,,,,
199,Slowking,Poison,490,95,65,80,110,110,30,
,,Psychic,,,,,,,,
,GalarianSlowking,,,,,,,,,
200,Misdreavus,Ghost,435,60,60,60,85,85,85,
,,,,,,,,,,
201,Unown,Psychic,336,48,72,48,72,48,48,
,,,,,,,,,,
202,Wobbuffet,Psychic,405,190,33,58,33,58,33,
,,,,,,,,,,
203,Girafarig,Normal,455,70,80,65,90,65,85,
,,,,,,,,,,
,,Psychic,,,,,,,,
204,Pineco,Bug,290,50,65,90,35,35,15,
,,,,,,,,,,
205,Forretress,Bug,465,75,90,140,60,60,40,
,,,,,,,,,,
,,Steel,,,,,,,,
206,Dunsparce,Normal,415,100,70,70,65,65,45,
,,,,,,,,,,
207,Gligar,Ground,430,65,75,105,35,65,85,
,,,,,,,,,,
,,Flying,,,,,,,,
208,Steelix,Steel,510,75,85,200,55,65,30,
,,,,,,,,,,
,,Ground,,,,,,,,
208,Steelix,Steel,610,75,125,230,55,95,30,
,,Ground,,,,,,,,
,MegaSteelix,,,,,,,,,
209,Snubbull,Fairy,300,60,80,50,40,40,30,
,,,,,,,,,,
210,Granbull,Fairy,450,90,120,75,60,60,45,
,,,,,,,,,,
211,Qwilfish,Water,440,65,95,85,55,55,85,
,,,,,,,,,,
,,Poison,,,,,,,,
211,Qwilfish,Dark,440,65,95,85,55,55,85,
,,Poison,,,,,,,,
,HisuianQwilfish,,,,,,,,,
212,Scizor,Bug,500,70,130,100,55,80,65,
,,,,,,,,,,
,,Steel,,,,,,,,
212,Scizor,Bug,600,70,150,140,65,100,75,
,,Steel,,,,,,,,
,MegaScizor,,,,,,,,,
213,Shuckle,Bug,505,20,10,230,10,230,5,
,,,,,,,,,,
,,Rock,,,,,,,,
214,Heracross,Bug,500,80,125,75,40,95,85,
,,,,,,,,,,
,,Fighting,,,,,,,,
214,Heracross,Bug,600,80,185,115,40,105,75,
,,Fighting,,,,,,,,
,MegaHeracross,,,,,,,,,
215,Sneasel,Dark,430,55,95,55,35,75,115,
,,,,,,,,,,
,,Ice,,,,,,,,
215,Sneasel,Fighting,430,55,95,55,35,75,115,
,,Poison,,,,,,,,
,HisuianSneasel,,,,,,,,,
216,Teddiursa,Normal,330,60,80,50,50,50,40,
,,,,,,,,,,
217,Ursaring,Normal,500,90,130,75,75,75,55,
,,,,,,,,,,
218,Slugma,Fire,250,40,40,40,70,40,20,
,,,,,,,,,,
219,Magcargo,Fire,430,60,50,120,90,80,30,
,,,,,,,,,,
,,Rock,,,,,,,,
220,Swinub,Ice,250,50,50,40,30,30,50,
,,,,,,,,,,
,,Ground,,,,,,,,
221,Piloswine,Ice,450,100,100,80,60,60,50,
,,,,,,,,,,
,,Ground,,,,,,,,
222,Corsola,Water,410,65,55,95,65,95,35,
,,,,,,,,,,
,,Rock,,,,,,,,
222,Corsola,Ghost,410,60,55,100,65,100,30,
,,,,,,,,,,
,GalarianCorsola,,,,,,,,,
223,Remoraid,Water,300,35,65,35,65,35,65,
,,,,,,,,,,
224,Octillery,Water,480,75,105,75,105,75,45,
,,,,,,,,,,
225,Delibird,Ice,330,45,55,45,65,45,75,
,,,,,,,,,,
,,Flying,,,,,,,,
226,Mantine,Water,485,85,40,70,80,140,70,
,,,,,,,,,,
,,Flying,,,,,,,,
227,Skarmory,Steel,465,65,80,140,40,70,70,
,,,,,,,,,,
,,Flying,,,,,,,,
228,Houndour,Dark,330,45,60,30,80,50,65,
,,,,,,,,,,
,,Fire,,,,,,,,
229,Houndoom,Dark,500,75,90,50,110,80,95,
,,,,,,,,,,
,,Fire,,,,,,,,
229,Houndoom,Dark,600,75,90,90,140,90,115,
,,Fire,,,,,,,,
,MegaHoundoom,,,,,,,,,
230,Kingdra,Water,540,75,95,95,95,95,85,
,,,,,,,,,,
,,Dragon,,,,,,,,
231,Phanpy,Ground,330,90,60,60,40,40,40,
,,,,,,,,,,
232,Donphan,Ground,500,90,120,120,60,60,50,
,,,,,,,,,,
233,Porygon2,Normal,515,85,80,90,105,95,60,
,,,,,,,,,,
234,Stantler,Normal,465,73,95,62,85,65,85,
,,,,,,,,,,
235,Smeargle,Normal,250,55,20,35,20,45,75,
,,,,,,,,,,
236,Tyrogue,Fighting,210,35,35,35,35,35,35,
,,,,,,,,,,
237,Hitmontop,Fighting,455,50,95,95,35,110,70,
,,,,,,,,,,
238,Smoochum,Ice,305,45,30,15,85,65,65,
,,,,,,,,,,
,,Psychic,,,,,,,,
239,Elekid,Electric,360,45,63,37,65,55,95,
,,,,,,,,,,
240,Magby,Fire,365,45,75,37,70,55,83,
,,,,,,,,,,
241,Miltank,Normal,490,95,80,105,40,70,100,
,,,,,,,,,,
242,Blissey,Normal,540,255,10,10,75,135,55,
,,,,,,,,,,
243,Raikou,Electric,580,90,85,75,115,100,115,
,,,,,,,,,,
244,Entei,Fire,580,115,115,85,90,75,100,
,,,,,,,,,,
245,Suicune,Water,580,100,75,115,90,115,85,
,,,,,,,,,,
246,Larvitar,Rock,300,50,64,50,45,50,41,
,,,,,,,,,,
,,Ground,,,,,,,,
247,Pupitar,Rock,410,70,84,70,65,70,51,
,,,,,,,,,,
,,Ground,,,,,,,,
248,Tyranitar,Rock,600,100,134,110,95,100,61,
,,,,,,,,,,
,,Dark,,,,,,,,
248,Tyranitar,Rock,700,100,164,150,95,120,71,
,,Dark,,,,,,,,
,MegaTyranitar,,,,,,,,,
249,Lugia,Psychic,680,106,90,130,90,154,110,
,,,,,,,,,,
,,Flying,,,,,,,,
250,Ho-oh,Fire,680,106,130,90,110,154,90,
,,,,,,,,,,
,,Flying,,,,,,,,
251,Celebi,Psychic,600,100,100,100,100,100,100,
,,,,,,,,,,
,,Grass,,,,,,,,
252,Treecko,Grass,310,40,45,35,65,55,70,
,,,,,,,,,,
253,Grovyle,Grass,405,50,65,45,85,65,95,
,,,,,,,,,,
254,Sceptile,Grass,530,70,85,65,105,85,120,
,,,,,,,,,,
254,Sceptile,Grass,630,70,110,75,145,85,145,
,,Dragon,,,,,,,,
,MegaSceptile,,,,,,,,,
255,Torchic,Fire,310,45,60,40,70,50,45,
,,,,,,,,,,
256,Combusken,Fire,405,60,85,60,85,60,55,
,,,,,,,,,,
,,Fighting,,,,,,,,
257,Blaziken,Fire,530,80,120,70,110,70,80,
,,,,,,,,,,
,,Fighting,,,,,,,,
257,Blaziken,Fire,630,80,160,80,130,80,100,
,,Fighting,,,,,,,,
,MegaBlaziken,,,,,,,,,
258,Mudkip,Water,310,50,70,50,50,50,40,
,,,,,,,,,,
259,Marshtomp,Water,405,70,85,70,60,70,50,
,,,,,,,,,,
,,Ground,,,,,,,,
260,Swampert,Water,535,100,110,90,85,90,60,
,,,,,,,,,,
,,Ground,,,,,,,,
260,Swampert,Water,635,100,150,110,95,110,70,
,,Ground,,,,,,,,
,MegaSwampert,,,,,,,,,
261,Poochyena,Dark,220,35,55,35,30,30,35,
,,,,,,,,,,
262,Mightyena,Dark,420,70,90,70,60,60,70,
,,,,,,,,,,
263,Zigzagoon,Normal,240,38,30,41,30,41,60,
,,,,,,,,,,
263,Zigzagoon,Dark,240,38,30,41,30,41,60,
,,Normal,,,,,,,,
,GalarianZigzagoon,,,,,,,,,
264,Linoone,Normal,420,78,70,61,50,61,100,
,,,,,,,,,,
264,Linoone,Dark,420,78,70,61,50,61,100,
,,Normal,,,,,,,,
,GalarianLinoone,,,,,,,,,
265,Wurmple,Bug,195,45,45,35,20,30,20,
,,,,,,,,,,
266,Silcoon,Bug,205,50,35,55,25,25,15,
,,,,,,,,,,
267,Beautifly,Bug,395,60,70,50,100,50,65,
,,,,,,,,,,
,,Flying,,,,,,,,
268,Cascoon,Bug,205,50,35,55,25,25,15,
,,,,,,,,,,
269,Dustox,Bug,385,60,50,70,50,90,65,
,,,,,,,,,,
,,Poison,,,,,,,,
270,Lotad,Water,220,40,30,30,40,50,30,
,,,,,,,,,,
,,Grass,,,,,,,,
271,Lombre,Water,340,60,50,50,60,70,50,
,,,,,,,,,,
,,Grass,,,,,,,,
272,Ludicolo,Water,480,80,70,70,90,100,70,
,,,,,,,,,,
,,Grass,,,,,,,,
273,Seedot,Grass,220,40,40,50,30,30,30,
,,,,,,,,,,
274,Nuzleaf,Grass,340,70,70,40,60,40,60,
,,,,,,,,,,
,,Dark,,,,,,,,
275,Shiftry,Grass,480,90,100,60,90,60,80,
,,,,,,,,,,
,,Dark,,,,,,,,
276,Taillow,Normal,270,40,55,30,30,30,85,
,,,,,,,,,,
,,Flying,,,,,,,,
277,Swellow,Normal,455,60,85,60,75,50,125,
,,,,,,,,,,
,,Flying,,,,,,,,
278,Wingull,Water,270,40,30,30,55,30,85,
,,,,,,,,,,
,,Flying,,,,,,,,
279,Pelipper,Water,440,60,50,100,95,70,65,
,,,,,,,,,,
,,Flying,,,,,,,,
280,Ralts,Psychic,198,28,25,25,45,35,40,
,,,,,,,,,,
,,Fairy,,,,,,,,
281,Kirlia,Psychic,278,38,35,35,65,55,50,
,,,,,,,,,,
,,Fairy,,,,,,,,
282,Gardevoir,Psychic,518,68,65,65,125,115,80,
,,,,,,,,,,
,,Fairy,,,,,,,,
282,Gardevoir,Psychic,618,68,85,65,165,135,100,
,,Fairy,,,,,,,,
,MegaGardevoir,,,,,,,,,
283,Surskit,Bug,269,40,30,32,50,52,65,
,,,,,,,,,,
,,Water,,,,,,,,
284,Masquerain,Bug,454,70,60,62,100,82,80,
,,,,,,,,,,
,,Flying,,,,,,,,
285,Shroomish,Grass,295,60,40,60,40,60,35,
,,,,,,,,,,
286,Breloom,Grass,460,60,130,80,60,60,70,
,,,,,,,,,,
,,Fighting,,,,,,,,
287,Slakoth,Normal,280,60,60,60,35,35,30,
,,,,,,,,,,
288,Vigoroth,Normal,440,80,80,80,55,55,90,
,,,,,,,,,,
289,Slaking,Normal,670,150,160,100,95,65,100,
,,,,,,,,,,
290,Nincada,Bug,266,31,45,90,30,30,40,
,,,,,,,,,,
,,Ground,,,,,,,,
291,Ninjask,Bug,456,61,90,45,50,50,160,
,,,,,,,,,,
,,Flying,,,,,,,,
292,Shedinja,Bug,236,1,90,45,30,30,40,
,,,,,,,,,,
,,Ghost,,,,,,,,
293,Whismur,Normal,240,64,51,23,51,23,28,
,,,,,,,,,,
294,Loudred,Normal,360,84,71,43,71,43,48,
,,,,,,,,,,
295,Exploud,Normal,490,104,91,63,91,73,68,
,,,,,,,,,,
296,Makuhita,Fighting,237,72,60,30,20,30,25,
,,,,,,,,,,
297,Hariyama,Fighting,474,144,120,60,40,60,50,
,,,,,,,,,,
298,Azurill,Normal,190,50,20,40,20,40,20,
,,,,,,,,,,
,,Fairy,,,,,,,,
299,Nosepass,Rock,375,30,45,135,45,90,30,
,,,,,,,,,,
300,Skitty,Normal,260,50,45,45,35,35,50,
,,,,,,,,,,
301,Delcatty,Normal,400,70,65,65,55,55,90,
,,,,,,,,,,
302,Sableye,Dark,380,50,75,75,65,65,50,
,,,,,,,,,,
,,Ghost,,,,,,,,
302,Sableye,Dark,480,50,85,125,85,115,20,
,,Ghost,,,,,,,,
,MegaSableye,,,,,,,,,
303,Mawile,Steel,380,50,85,85,55,55,50,
,,,,,,,,,,
,,Fairy,,,,,,,,
303,Mawile,Steel,480,50,105,125,55,95,50,
,,Fairy,,,,,,,,
,MegaMawile,,,,,,,,,
304,Aron,Steel,330,50,70,100,40,40,30,
,,,,,,,,,,
,,Rock,,,,,,,,
305,Lairon,Steel,430,60,90,140,50,50,40,
,,,,,,,,,,
,,Rock,,,,,,,,
306,Aggron,Steel,530,70,110,180,60,60,50,
,,,,,,,,,,
,,Rock,,,,,,,,
306,Aggron,Steel,630,70,140,230,60,80,50,
,,,,,,,,,,
,MegaAggron,,,,,,,,,
307,Meditite,Fighting,280,30,40,55,40,55,60,
,,,,,,,,,,
,,Psychic,,,,,,,,
308,Medicham,Fighting,410,60,60,75,60,75,80,
,,,,,,,,,,
,,Psychic,,,,,,,,
308,Medicham,Fighting,510,60,100,85,80,85,100,
,,Psychic,,,,,,,,
,MegaMedicham,,,,,,,,,
309,Electrike,Electric,295,40,45,40,65,40,65,
,,,,,,,,,,
310,Manectric,Electric,475,70,75,60,105,60,105,
,,,,,,,,,,
310,Manectric,Electric,575,70,75,80,135,80,135,
,,,,,,,,,,
,MegaManectric,,,,,,,,,
311,Plusle,Electric,405,60,50,40,85,75,95,
,,,,,,,,,,
312,Minun,Electric,405,60,40,50,75,85,95,
,,,,,,,,,,
313,Volbeat,Bug,430,65,73,75,47,85,85,
,,,,,,,,,,
314,Illumise,Bug,430,65,47,75,73,85,85,
,,,,,,,,,,
315,Roselia,Grass,400,50,60,45,100,80,65,
,,,,,,,,,,
,,Poison,,,,,,,,
316,Gulpin,Poison,302,70,43,53,43,53,40,
,,,,,,,,,,
317,Swalot,Poison,467,100,73,83,73,83,55,
,,,,,,,,,,
318,Carvanha,Water,305,45,90,20,65,20,65,
,,,,,,,,,,
,,Dark,,,,,,,,
319,Sharpedo,Water,460,70,120,40,95,40,95,
,,,,,,,,,,
,,Dark,,,,,,,,
319,Sharpedo,Water,560,70,140,70,110,65,105,
,,Dark,,,,,,,,
,MegaSharpedo,,,,,,,,,
320,Wailmer,Water,400,130,70,35,70,35,60,
,,,,,,,,,,
321,Wailord,Water,500,170,90,45,90,45,60,
,,,,,,,,,,
322,Numel,Fire,305,60,60,40,65,45,35,
,,,,,,,,,,
,,Ground,,,,,,,,
323,Camerupt,Fire,460,70,100,70,105,75,40,
,,,,,,,,,,
,,Ground,,,,,,,,
323,Camerupt,Fire,560,70,120,100,145,105,20,
,,Ground,,,,,,,,
,MegaCamerupt,,,,,,,,,
324,Torkoal,Fire,470,70,85,140,85,70,20,
,,,,,,,,,,
325,Spoink,Psychic,330,60,25,35,70,80,60,
,,,,,,,,,,
326,Grumpig,Psychic,470,80,45,65,90,110,80,
,,,,,,,,,,
327,Spinda,Normal,360,60,60,60,60,60,60,
,,,,,,,,,,
328,Trapinch,Ground,290,45,100,45,45,45,10,
,,,,,,,,,,
329,Vibrava,Ground,340,50,70,50,50,50,70,
,,,,,,,,,,
,,Dragon,,,,,,,,
330,Flygon,Ground,520,80,100,80,80,80,100,
,,,,,,,,,,
,,Dragon,,,,,,,,
331,Cacnea,Grass,335,50,85,40,85,40,35,
,,,,,,,,,,
332,Cacturne,Grass,475,70,115,60,115,60,55,
,,,,,,,,,,
,,Dark,,,,,,,,
333,Swablu,Normal,310,45,40,60,40,75,50,
,,,,,,,,,,
,,Flying,,,,,,,,
334,Altaria,Dragon,490,75,70,90,70,105,80,
,,,,,,,,,,
,,Flying,,,,,,,,
334,Altaria,Dragon,590,75,110,110,110,105,80,
,,Fairy,,,,,,,,
,MegaAltaria,,,,,,,,,
335,Zangoose,Normal,458,73,115,60,60,60,90,
,,,,,,,,,,
336,Seviper,Poison,458,73,100,60,100,60,65,
,,,,,,,,,,
337,Lunatone,Rock,460,90,55,65,95,85,70,
,,,,,,,,,,
,,Psychic,,,,,,,,
338,Solrock,Rock,460,90,95,85,55,65,70,
,,,,,,,,,,
,,Psychic,,,,,,,,
339,Barboach,Water,288,50,48,43,46,41,60,
,,,,,,,,,,
,,Ground,,,,,,,,
340,Whiscash,Water,468,110,78,73,76,71,60,
,,,,,,,,,,
,,Ground,,,,,,,,
341,Corphish,Water,308,43,80,65,50,35,35,
,,,,,,,,,,
342,Crawdaunt,Water,468,63,120,85,90,55,55,
,,,,,,,,,,
,,Dark,,,,,,,,
343,Baltoy,Ground,300,40,40,55,40,70,55,
,,,,,,,,,,
,,Psychic,,,,,,,,
344,Claydol,Ground,500,60,70,105,70,120,75,
,,,,,,,,,,
,,Psychic,,,,,,,,
345,Lileep,Rock,355,66,41,77,61,87,23,
,,,,,,,,,,
,,Grass,,,,,,,,
346,Cradily,Rock,495,86,81,97,81,107,43,
,,,,,,,,,,
,,Grass,,,,,,,,
347,Anorith,Rock,355,45,95,50,40,50,75,
,,,,,,,,,,
,,Bug,,,,,,,,
348,Armaldo,Rock,495,75,125,100,70,80,45,
,,,,,,,,,,
,,Bug,,,,,,,,
349,Feebas,Water,200,20,15,20,10,55,80,
,,,,,,,,,,
350,Milotic,Water,540,95,60,79,100,125,81,
,,,,,,,,,,
351,Castform,Normal,420,70,70,70,70,70,70,
,,,,,,,,,,
351,Castform,Fire,420,70,70,70,70,70,70,
,,,,,,,,,,
,SunnyForm,,,,,,,,,
351,Castform,Water,420,70,70,70,70,70,70,
,,,,,,,,,,
,RainyForm,,,,,,,,,
351,Castform,Ice,420,70,70,70,70,70,70,
,,,,,,,,,,
,SnowyForm,,,,,,,,,
352,Kecleon,Normal,440,60,90,70,60,120,40,
,,,,,,,,,,
353,Shuppet,Ghost,295,44,75,35,63,33,45,
,,,,,,,,,,
354,Banette,Ghost,455,64,115,65,83,63,65,
,,,,,,,,,,
354,Banette,Ghost,555,64,165,75,93,83,75,
,,,,,,,,,,
,MegaBanette,,,,,,,,,
355,Duskull,Ghost,295,20,40,90,30,90,25,
,,,,,,,,,,
356,Dusclops,Ghost,455,40,70,130,60,130,25,
,,,,,,,,,,
357,Tropius,Grass,460,99,68,83,72,87,51,
,,,,,,,,,,
,,Flying,,,,,,,,
358,Chimecho,Psychic,455,75,50,80,95,90,65,
,,,,,,,,,,
359,Absol,Dark,465,65,130,60,75,60,75,
,,,,,,,,,,
359,Absol,Dark,565,65,150,60,115,60,115,
,,,,,,,,,,
,MegaAbsol,,,,,,,,,
360,Wynaut,Psychic,260,95,23,48,23,48,23,
,,,,,,,,,,
361,Snorunt,Ice,300,50,50,50,50,50,50,
,,,,,,,,,,
362,Glalie,Ice,480,80,80,80,80,80,80,
,,,,,,,,,,
362,Glalie,Ice,580,80,120,80,120,80,100,
,,,,,,,,,,
,MegaGlalie,,,,,,,,,
363,Spheal,Ice,290,70,40,50,55,50,25,
,,,,,,,,,,
,,Water,,,,,,,,
364,Sealeo,Ice,410,90,60,70,75,70,45,
,,,,,,,,,,
,,Water,,,,,,,,
365,Walrein,Ice,530,110,80,90,95,90,65,
,,,,,,,,,,
,,Water,,,,,,,,
366,Clamperl,Water,345,35,64,85,74,55,32,
,,,,,,,,,,
367,Huntail,Water,485,55,104,105,94,75,52,
,,,,,,,,,,
368,Gorebyss,Water,485,55,84,105,114,75,52,
,,,,,,,,,,
369,Relicanth,Water,485,100,90,130,45,65,55,
,,,,,,,,,,
,,Rock,,,,,,,,
370,Luvdisc,Water,330,43,30,55,40,65,97,
,,,,,,,,,,
371,Bagon,Dragon,300,45,75,60,40,30,50,
,,,,,,,,,,
372,Shelgon,Dragon,420,65,95,100,60,50,50,
,,,,,,,,,,
373,Salamence,Dragon,600,95,135,80,110,80,100,
,,,,,,,,,,
,,Flying,,,,,,,,
373,Salamence,Dragon,700,95,145,130,120,90,120,
,,Flying,,,,,,,,
,MegaSalamence,,,,,,,,,
374,Beldum,Steel,300,40,55,80,35,60,30,
,,,,,,,,,,
,,Psychic,,,,,,,,
375,Metang,Steel,420,60,75,100,55,80,50,
,,,,,,,,,,
,,Psychic,,,,,,,,
376,Metagross,Steel,600,80,135,130,95,90,70,
,,,,,,,,,,
,,Psychic,,,,,,,,
376,Metagross,Steel,700,80,145,150,105,110,110,
,,Psychic,,,,,,,,
,MegaMetagross,,,,,,,,,
377,Regirock,Rock,580,80,100,200,50,100,50,
,,,,,,,,,,
378,Regice,Ice,580,80,50,100,100,200,50,
,,,,,,,,,,
379,Registeel,Steel,580,80,75,150,75,150,50,
,,,,,,,,,,
380,Latias,Dragon,600,80,80,90,110,130,110,
,,,,,,,,,,
,,Psychic,,,,,,,,
380,Latias,Dragon,700,80,100,120,140,150,110,
,,Psychic,,,,,,,,
,MegaLatias,,,,,,,,,
381,Latios,Dragon,600,80,90,80,130,110,110,
,,,,,,,,,,
,,Psychic,,,,,,,,
381,Latios,Dragon,700,80,130,100,160,120,110,
,,Psychic,,,,,,,,
,MegaLatios,,,,,,,,,
382,Kyogre,Water,670,100,100,90,150,140,90,
,,,,,,,,,,
382,Kyogre,Water,770,100,150,90,180,160,90,
,,,,,,,,,,
,PrimalKyogre,,,,,,,,,
383,Groudon,Ground,670,100,150,140,100,90,90,
,,,,,,,,,,
383,Groudon,Ground,770,100,180,160,150,90,90,
,,Fire,,,,,,,,
,PrimalGroudon,,,,,,,,,
384,Rayquaza,Dragon,680,105,150,90,150,90,95,
,,,,,,,,,,
,,Flying,,,,,,,,
384,Rayquaza,Dragon,780,105,180,100,180,100,115,
,,Flying,,,,,,,,
,MegaRayquaza,,,,,,,,,
385,Jirachi,Steel,600,100,100,100,100,100,100,
,,,,,,,,,,
,,Psychic,,,,,,,,
386,Deoxys,Psychic,600,50,150,50,150,50,150,
,,,,,,,,,,
,NormalForme,,,,,,,,,
386,Deoxys,Psychic,600,50,180,20,180,20,150,
,,,,,,,,,,
,AttackForme,,,,,,,,,
386,Deoxys,Psychic,600,50,70,160,70,160,90,
,,,,,,,,,,
,DefenseForme,,,,,,,,,
386,Deoxys,Psychic,600,50,95,90,95,90,180,
,,,,,,,,,,
,SpeedForme,,,,,,,,,
387,Turtwig,Grass,318,55,68,64,45,55,31,
,,,,,,,,,,
388,Grotle,Grass,405,75,89,85,55,65,36,
,,,,,,,,,,
389,Torterra,Grass,525,95,109,105,75,85,56,
,,,,,,,,,,
,,Ground,,,,,,,,
390,Chimchar,Fire,309,44,58,44,58,44,61,
,,,,,,,,,,
391,Monferno,Fire,405,64,78,52,78,52,81,
,,,,,,,,,,
,,Fighting,,,,,,,,
392,Infernape,Fire,534,76,104,71,104,71,108,
,,,,,,,,,,
,,Fighting,,,,,,,,
393,Piplup,Water,314,53,51,53,61,56,40,
,,,,,,,,,,
394,Prinplup,Water,405,64,66,68,81,76,50,
,,,,,,,,,,
395,Empoleon,Water,530,84,86,88,111,101,60,
,,,,,,,,,,
,,Steel,,,,,,,,
396,Starly,Normal,245,40,55,30,30,30,60,
,,,,,,,,,,
,,Flying,,,,,,,,
397,Staravia,Normal,340,55,75,50,40,40,80,
,,,,,,,,,,
,,Flying,,,,,,,,
398,Staraptor,Normal,485,85,120,70,50,60,100,
,,,,,,,,,,
,,Flying,,,,,,,,
399,Bidoof,Normal,250,59,45,40,35,40,31,
,,,,,,,,,,
400,Bibarel,Normal,410,79,85,60,55,60,71,
,,,,,,,,,,
,,Water,,,,,,,,
401,Kricketot,Bug,194,37,25,41,25,41,25,
,,,,,,,,,,
402,Kricketune,Bug,384,77,85,51,55,51,65,
,,,,,,,,,,
403,Shinx,Electric,263,45,65,34,40,34,45,
,,,,,,,,,,
404,Luxio,Electric,363,60,85,49,60,49,60,
,,,,,,,,,,
405,Luxray,Electric,523,80,120,79,95,79,70,
,,,,,,,,,,
406,Budew,Grass,280,40,30,35,50,70,55,
,,,,,,,,,,
,,Poison,,,,,,,,
407,Roserade,Grass,515,60,70,65,125,105,90,
,,,,,,,,,,
,,Poison,,,,,,,,
408,Cranidos,Rock,350,67,125,40,30,30,58,
,,,,,,,,,,
409,Rampardos,Rock,495,97,165,60,65,50,58,
,,,,,,,,,,
410,Shieldon,Rock,350,30,42,118,42,88,30,
,,,,,,,,,,
,,Steel,,,,,,,,
411,Bastiodon,Rock,495,60,52,168,47,138,30,
,,,,,,,,,,
,,Steel,,,,,,,,
412,Burmy,Bug,224,40,29,45,29,45,36,
,,,,,,,,,,
,PlantCloak,,,,,,,,,
412,Burmy,Bug,224,40,29,45,29,45,36,
,,,,,,,,,,
,SandyCloak,,,,,,,,,
412,Burmy,Bug,224,40,29,45,29,45,36,
,,,,,,,,,,
,TrashCloak,,,,,,,,,
413,Wormadam,Bug,424,60,59,85,79,105,36,
,,Grass,,,,,,,,
,PlantCloak,,,,,,,,,
413,Wormadam,Bug,424,60,79,105,59,85,36,
,,Ground,,,,,,,,
,SandyCloak,,,,,,,,,
413,Wormadam,Bug,424,60,69,95,69,95,36,
,,Steel,,,,,,,,
,TrashCloak,,,,,,,,,
414,Mothim,Bug,424,70,94,50,94,50,66,
,,,,,,,,,,
,,Flying,,,,,,,,
415,Combee,Bug,244,30,30,42,30,42,70,
,,,,,,,,,,
,,Flying,,,,,,,,
416,Vespiquen,Bug,474,70,80,102,80,102,40,
,,,,,,,,,,
,,Flying,,,,,,,,
417,Pachirisu,Electric,405,60,45,70,45,90,95,
,,,,,,,,,,
418,Buizel,Water,330,55,65,35,60,30,85,
,,,,,,,,,,
419,Floatzel,Water,495,85,105,55,85,50,115,
,,,,,,,,,,
420,Cherubi,Grass,275,45,35,45,62,53,35,
,,,,,,,,,,
421,Cherrim,Grass,450,70,60,70,87,78,85,
,,,,,,,,,,
422,Shellos,Water,325,76,48,48,57,62,34,
,,,,,,,,,,
423,Gastrodon,Water,475,111,83,68,92,82,39,
,,,,,,,,,,
,,Ground,,,,,,,,
424,Ambipom,Normal,482,75,100,66,60,66,115,
,,,,,,,,,,
425,Drifloon,Ghost,348,90,50,34,60,44,70,
,,,,,,,,,,
,,Flying,,,,,,,,
426,Drifblim,Ghost,498,150,80,44,90,54,80,
,,,,,,,,,,
,,Flying,,,,,,,,
427,Buneary,Normal,350,55,66,44,44,56,85,
,,,,,,,,,,
428,Lopunny,Normal,480,65,76,84,54,96,105,
,,,,,,,,,,
428,Lopunny,Normal,580,65,136,94,54,96,135,
,,Fighting,,,,,,,,
,MegaLopunny,,,,,,,,,
429,Mismagius,Ghost,495,60,60,60,105,105,105,
,,,,,,,,,,
430,Honchkrow,Dark,505,100,125,52,105,52,71,
,,,,,,,,,,
,,Flying,,,,,,,,
431,Glameow,Normal,310,49,55,42,42,37,85,
,,,,,,,,,,
432,Purugly,Normal,452,71,82,64,64,59,112,
,,,,,,,,,,
433,Chingling,Psychic,285,45,30,50,65,50,45,
,,,,,,,,,,
434,Stunky,Poison,329,63,63,47,41,41,74,
,,,,,,,,,,
,,Dark,,,,,,,,
435,Skuntank,Poison,479,103,93,67,71,61,84,
,,,,,,,,,,
,,Dark,,,,,,,,
436,Bronzor,Steel,300,57,24,86,24,86,23,
,,,,,,,,,,
,,Psychic,,,,,,,,
437,Bronzong,Steel,500,67,89,116,79,116,33,
,,,,,,,,,,
,,Psychic,,,,,,,,
438,Bonsly,Rock,290,50,80,95,10,45,10,
,,,,,,,,,,
439,MimeJr.,Psychic,310,20,25,45,70,90,60,
,,,,,,,,,,
,,Fairy,,,,,,,,
440,Happiny,Normal,220,100,5,5,15,65,30,
,,,,,,,,,,
441,Chatot,Normal,411,76,65,45,92,42,91,
,,,,,,,,,,
,,Flying,,,,,,,,
442,Spiritomb,Ghost,485,50,92,108,92,108,35,
,,,,,,,,,,
,,Dark,,,,,,,,
443,Gible,Dragon,300,58,70,45,40,45,42,
,,,,,,,,,,
,,Ground,,,,,,,,
444,Gabite,Dragon,410,68,90,65,50,55,82,
,,,,,,,,,,
,,Ground,,,,,,,,
445,Garchomp,Dragon,600,108,130,95,80,85,102,
,,,,,,,,,,
,,Ground,,,,,,,,
445,Garchomp,Dragon,700,108,170,115,120,95,92,
,,Ground,,,,,,,,
,MegaGarchomp,,,,,,,,,
446,Munchlax,Normal,390,135,85,40,40,85,5,
,,,,,,,,,,
447,Riolu,Fighting,285,40,70,40,35,40,60,
,,,,,,,,,,
448,Lucario,Fighting,525,70,110,70,115,70,90,
,,,,,,,,,,
,,Steel,,,,,,,,
448,Lucario,Fighting,625,70,145,88,140,70,112,
,,Steel,,,,,,,,
,MegaLucario,,,,,,,,,
449,Hippopotas,Ground,330,68,72,78,38,42,32,
,,,,,,,,,,
450,Hippowdon,Ground,525,108,112,118,68,72,47,
,,,,,,,,,,
451,Skorupi,Poison,330,40,50,90,30,55,65,
,,,,,,,,,,
,,Bug,,,,,,,,
452,Drapion,Poison,500,70,90,110,60,75,95,
,,,,,,,,,,
,,Dark,,,,,,,,
453,Croagunk,Poison,300,48,61,40,61,40,50,
,,,,,,,,,,
,,Fighting,,,,,,,,
454,Toxicroak,Poison,490,83,106,65,86,65,85,
,,,,,,,,,,
,,Fighting,,,,,,,,
455,Carnivine,Grass,454,74,100,72,90,72,46,
,,,,,,,,,,
456,Finneon,Water,330,49,49,56,49,61,66,
,,,,,,,,,,
457,Lumineon,Water,460,69,69,76,69,86,91,
,,,,,,,,,,
458,Mantyke,Water,345,45,20,50,60,120,50,
,,,,,,,,,,
,,Flying,,,,,,,,
459,Snover,Grass,334,60,62,50,62,60,40,
,,,,,,,,,,
,,Ice,,,,,,,,
460,Abomasnow,Grass,494,90,92,75,92,85,60,
,,,,,,,,,,
,,Ice,,,,,,,,
460,Abomasnow,Grass,594,90,132,105,132,105,30,
,,Ice,,,,,,,,
,MegaAbomasnow,,,,,,,,,
461,Weavile,Dark,510,70,120,65,45,85,125,
,,,,,,,,,,
,,Ice,,,,,,,,
462,Magnezone,Electric,535,70,70,115,130,90,60,
,,,,,,,,,,
,,Steel,,,,,,,,
463,Lickilicky,Normal,515,110,85,95,80,95,50,
,,,,,,,,,,
464,Rhyperior,Ground,535,115,140,130,55,55,40,
,,,,,,,,,,
,,Rock,,,,,,,,
465,Tangrowth,Grass,535,100,100,125,110,50,50,
,,,,,,,,,,
466,Electivire,Electric,540,75,123,67,95,85,95,
,,,,,,,,,,
467,Magmortar,Fire,540,75,95,67,125,95,83,
,,,,,,,,,,
468,Togekiss,Fairy,545,85,50,95,120,115,80,
,,,,,,,,,,
,,Flying,,,,,,,,
469,Yanmega,Bug,515,86,76,86,116,56,95,
,,,,,,,,,,
,,Flying,,,,,,,,
470,Leafeon,Grass,525,65,110,130,60,65,95,
,,,,,,,,,,
471,Glaceon,Ice,525,65,60,110,130,95,65,
,,,,,,,,,,
472,Gliscor,Ground,510,75,95,125,45,75,95,
,,,,,,,,,,
,,Flying,,,,,,,,
473,Mamoswine,Ice,530,110,130,80,70,60,80,
,,,,,,,,,,
,,Ground,,,,,,,,
474,Porygon-Z,Normal,535,85,80,70,135,75,90,
,,,,,,,,,,
475,Gallade,Psychic,518,68,125,65,65,115,80,
,,,,,,,,,,
,,Fighting,,,,,,,,
475,Gallade,Psychic,618,68,165,95,65,115,110,
,,Fighting,,,,,,,,
,MegaGallade,,,,,,,,,
476,Probopass,Rock,525,60,55,145,75,150,40,
,,,,,,,,,,
,,Steel,,,,,,,,
477,Dusknoir,Ghost,525,45,100,135,65,135,45,
,,,,,,,,,,
478,Froslass,Ice,480,70,80,70,80,70,110,
,,,,,,,,,,
,,Ghost,,,,,,,,
479,Rotom,Electric,440,50,50,77,95,77,91,
,,,,,,,,,,
,,Ghost,,,,,,,,
479,Rotom,Electric,520,50,65,107,105,107,86,
,,Fire,,,,,,,,
,HeatRotom,,,,,,,,,
479,Rotom,Electric,520,50,65,107,105,107,86,
,,Water,,,,,,,,
,WashRotom,,,,,,,,,
479,Rotom,Electric,520,50,65,107,105,107,86,
,,Ice,,,,,,,,
,FrostRotom,,,,,,,,,
479,Rotom,Electric,520,50,65,107,105,107,86,
,,Flying,,,,,,,,
,FanRotom,,,,,,,,,
479,Rotom,Electric,520,50,65,107,105,107,86,
,,Grass,,,,,,,,
,MowRotom,,,,,,,,,
480,Uxie,Psychic,580,75,75,130,75,130,95,
,,,,,,,,,,
481,Mesprit,Psychic,580,80,105,105,105,105,80,
,,,,,,,,,,
482,Azelf,Psychic,580,75,125,70,125,70,115,
,,,,,,,,,,
483,Dialga,Steel,680,100,120,120,150,100,90,
,,,,,,,,,,
,,Dragon,,,,,,,,
483,Dialga,Steel,680,100,100,120,150,120,90,
,,Dragon,,,,,,,,
,OriginForme,,,,,,,,,
484,Palkia,Water,680,90,120,100,150,120,100,
,,,,,,,,,,
,,Dragon,,,,,,,,
484,Palkia,Water,680,90,100,100,150,120,120,
,,Dragon,,,,,,,,
,OriginForme,,,,,,,,,
485,Heatran,Fire,600,91,90,106,130,106,77,
,,,,,,,,,,
,,Steel,,,,,,,,
486,Regigigas,Normal,670,110,160,110,80,110,100,
,,,,,,,,,,
487,Giratina,Ghost,680,150,100,120,100,120,90,
,,Dragon,,,,,,,,
,AlteredForme,,,,,,,,,
487,Giratina,Ghost,680,150,120,100,120,100,90,
,,Dragon,,,,,,,,
,OriginForme,,,,,,,,,
488,Cresselia,Psychic,580,120,70,110,75,120,85,
,,,,,,,,,,
489,Phione,Water,480,80,80,80,80,80,80,
,,,,,,,,,,
490,Manaphy,Water,600,100,100,100,100,100,100,
,,,,,,,,,,
491,Darkrai,Dark,600,70,90,90,135,90,125,
,,,,,,,,,,
492,Shaymin,Grass,600,100,100,100,100,100,100,
,,,,,,,,,,
,LandForme,,,,,,,,,
492,Shaymin,Grass,600,100,103,75,120,75,127,
,,Flying,,,,,,,,
,SkyForme,,,,,,,,,
493,Arceus,Normal,720,120,120,120,120,120,120,
,,,,,,,,,,
494,Victini,Psychic,600,100,100,100,100,100,100,
,,,,,,,,,,
,,Fire,,,,,,,,
495,Snivy,Grass,308,45,45,55,45,55,63,
,,,,,,,,,,
496,Servine,Grass,413,60,60,75,60,75,83,
,,,,,,,,,,
497,Serperior,Grass,528,75,75,95,75,95,113,
,,,,,,,,,,
498,Tepig,Fire,308,65,63,45,45,45,45,
,,,,,,,,,,
499,Pignite,Fire,418,90,93,55,70,55,55,
,,,,,,,,,,
,,Fighting,,,,,,,,
500,Emboar,Fire,528,110,123,65,100,65,65,
,,,,,,,,,,
,,Fighting,,,,,,,,
501,Oshawott,Water,308,55,55,45,63,45,45,
,,,,,,,,,,
502,Dewott,Water,413,75,75,60,83,60,60,
,,,,,,,,,,
503,Samurott,Water,528,95,100,85,108,70,70,
,,,,,,,,,,
503,Samurott,Water,528,90,108,80,100,65,85,
,,Dark,,,,,,,,
,HisuianSamurott,,,,,,,,,
504,Patrat,Normal,255,45,55,39,35,39,42,
,,,,,,,,,,
505,Watchog,Normal,420,60,85,69,60,69,77,
,,,,,,,,,,
506,Lillipup,Normal,275,45,60,45,25,45,55,
,,,,,,,,,,
507,Herdier,Normal,370,65,80,65,35,65,60,
,,,,,,,,,,
508,Stoutland,Normal,500,85,110,90,45,90,80,
,,,,,,,,,,
509,Purrloin,Dark,281,41,50,37,50,37,66,
,,,,,,,,,,
510,Liepard,Dark,446,64,88,50,88,50,106,
,,,,,,,,,,
511,Pansage,Grass,316,50,53,48,53,48,64,
,,,,,,,,,,
512,Simisage,Grass,498,75,98,63,98,63,101,
,,,,,,,,,,
513,Pansear,Fire,316,50,53,48,53,48,64,
,,,,,,,,,,
514,Simisear,Fire,498,75,98,63,98,63,101,
,,,,,,,,,,
515,Panpour,Water,316,50,53,48,53,48,64,
,,,,,,,,,,
516,Simipour,Water,498,75,98,63,98,63,101,
,,,,,,,,,,
517,Munna,Psychic,292,76,25,45,67,55,24,
,,,,,,,,,,
518,Musharna,Psychic,487,116,55,85,107,95,29,
,,,,,,,,,,
519,Pidove,Normal,264,50,55,50,36,30,43,
,,,,,,,,,,
,,Flying,,,,,,,,
520,Tranquill,Normal,358,62,77,62,50,42,65,
,,,,,,,,,,
,,Flying,,,,,,,,
521,Unfezant,Normal,488,80,115,80,65,55,93,
,,,,,,,,,,
,,Flying,,,,,,,,
522,Blitzle,Electric,295,45,60,32,50,32,76,
,,,,,,,,,,
523,Zebstrika,Electric,497,75,100,63,80,63,116,
,,,,,,,,,,
524,Roggenrola,Rock,280,55,75,85,25,25,15,
,,,,,,,,,,
525,Boldore,Rock,390,70,105,105,50,40,20,
,,,,,,,,,,
526,Gigalith,Rock,515,85,135,130,60,80,25,
,,,,,,,,,,
527,Woobat,Psychic,323,65,45,43,55,43,72,
,,,,,,,,,,
,,Flying,,,,,,,,
528,Swoobat,Psychic,425,67,57,55,77,55,114,
,,,,,,,,,,
,,Flying,,,,,,,,
529,Drilbur,Ground,328,60,85,40,30,45,68,
,,,,,,,,,,
530,Excadrill,Ground,508,110,135,60,50,65,88,
,,,,,,,,,,
,,Steel,,,,,,,,
531,Audino,Normal,445,103,60,86,60,86,50,
,,,,,,,,,,
531,Audino,Normal,545,103,60,126,80,126,50,
,,Fairy,,,,,,,,
,MegaAudino,,,,,,,,,
532,Timburr,Fighting,305,75,80,55,25,35,35,
,,,,,,,,,,
533,Gurdurr,Fighting,405,85,105,85,40,50,40,
,,,,,,,,,,
534,Conkeldurr,Fighting,505,105,140,95,55,65,45,
,,,,,,,,,,
535,Tympole,Water,294,50,50,40,50,40,64,
,,,,,,,,,,
536,Palpitoad,Water,384,75,65,55,65,55,69,
,,,,,,,,,,
,,Ground,,,,,,,,
537,Seismitoad,Water,509,105,95,75,85,75,74,
,,,,,,,,,,
,,Ground,,,,,,,,
538,Throh,Fighting,465,120,100,85,30,85,45,
,,,,,,,,,,
539,Sawk,Fighting,465,75,125,75,30,75,85,
,,,,,,,,,,
540,Sewaddle,Bug,310,45,53,70,40,60,42,
,,,,,,,,,,
,,Grass,,,,,,,,
541,Swadloon,Bug,380,55,63,90,50,80,42,
,,,,,,,,,,
,,Grass,,,,,,,,
542,Leavanny,Bug,500,75,103,80,70,80,92,
,,,,,,,,,,
,,Grass,,,,,,,,
543,Venipede,Bug,260,30,45,59,30,39,57,
,,,,,,,,,,
,,Poison,,,,,,,,
544,Whirlipede,Bug,360,40,55,99,40,79,47,
,,,,,,,,,,
,,Poison,,,,,,,,
545,Scolipede,Bug,485,60,100,89,55,69,112,
,,,,,,,,,,
,,Poison,,,,,,,,
546,Cottonee,Grass,280,40,27,60,37,50,66,
,,,,,,,,,,
,,Fairy,,,,,,,,
547,Whimsicott,Grass,480,60,67,85,77,75,116,
,,,,,,,,,,
,,Fairy,,,,,,,,
548,Petilil,Grass,280,45,35,50,70,50,30,
,,,,,,,,,,
549,Lilligant,Grass,480,70,60,75,110,75,90,
,,,,,,,,,,
549,Lilligant,Grass,480,70,105,75,50,75,105,
,,Fighting,,,,,,,,
,HisuianLilligant,,,,,,,,,
550,Basculin,Water,460,70,92,65,80,55,98,
,,,,,,,,,,
,Red-StripedForm,,,,,,,,,
550,Basculin,Water,460,70,92,65,80,55,98,
,,,,,,,,,,
,Blue-StripedForm,,,,,,,,,
550,Basculin,Water,460,70,92,65,80,55,98,
,,,,,,,,,,
,White-StripedForm,,,,,,,,,
551,Sandile,Ground,292,50,72,35,35,35,65,
,,,,,,,,,,
,,Dark,,,,,,,,
552,Krokorok,Ground,351,60,82,45,45,45,74,
,,,,,,,,,,
,,Dark,,,,,,,,
553,Krookodile,Ground,519,95,117,80,65,70,92,
,,,,,,,,,,
,,Dark,,,,,,,,
554,Darumaka,Fire,315,70,90,45,15,45,50,
,,,,,,,,,,
554,Darumaka,Ice,315,70,90,45,15,45,50,
,,,,,,,,,,
,GalarianDarumaka,,,,,,,,,
555,Darmanitan,Fire,480,105,140,55,30,55,95,
,,,,,,,,,,
,StandardMode,,,,,,,,,
555,Darmanitan,Fire,540,105,30,105,140,105,55,
,,Psychic,,,,,,,,
,ZenMode,,,,,,,,,
555,Darmanitan,Ice,480,105,140,55,30,55,95,
,,,,,,,,,,
,GalarianStandardMode,,,,,,,,,
555,Darmanitan,Ice,540,105,160,55,30,55,135,
,,Fire,,,,,,,,
,GalarianZenMode,,,,,,,,,
556,Maractus,Grass,461,75,86,67,106,67,60,
,,,,,,,,,,
557,Dwebble,Bug,325,50,65,85,35,35,55,
,,,,,,,,,,
,,Rock,,,,,,,,
558,Crustle,Bug,485,70,105,125,65,75,45,
,,,,,,,,,,
,,Rock,,,,,,,,
559,Scraggy,Dark,348,50,75,70,35,70,48,
,,,,,,,,,,
,,Fighting,,,,,,,,
560,Scrafty,Dark,488,65,90,115,45,115,58,
,,,,,,,,,,
,,Fighting,,,,,,,,
561,Sigilyph,Psychic,490,72,58,80,103,80,97,
,,,,,,,,,,
,,Flying,,,,,,,,
562,Yamask,Ghost,303,38,30,85,55,65,30,
,,,,,,,,,,
562,Yamask,Ground,303,38,55,85,30,65,30,
,,Ghost,,,,,,,,
,GalarianYamask,,,,,,,,,
563,Cofagrigus,Ghost,483,58,50,145,95,105,30,
,,,,,,,,,,
564,Tirtouga,Water,355,54,78,103,53,45,22,
,,,,,,,,,,
,,Rock,,,,,,,,
565,Carracosta,Water,495,74,108,133,83,65,32,
,,,,,,,,,,
,,Rock,,,,,,,,
566,Archen,Rock,401,55,112,45,74,45,70,
,,,,,,,,,,
,,Flying,,,,,,,,
567,Archeops,Rock,567,75,140,65,112,65,110,
,,,,,,,,,,
,,Flying,,,,,,,,
568,Trubbish,Poison,329,50,50,62,40,62,65,
,,,,,,,,,,
569,Garbodor,Poison,474,80,95,82,60,82,75,
,,,,,,,,,,
570,Zorua,Dark,330,40,65,40,80,40,65,
,,,,,,,,,,
570,Zorua,Normal,330,35,60,40,85,40,70,
,,Ghost,,,,,,,,
,HisuianZorua,,,,,,,,,
571,Zoroark,Dark,510,60,105,60,120,60,105,
,,,,,,,,,,
571,Zoroark,Normal,510,55,100,60,125,60,110,
,,Ghost,,,,,,,,
,HisuianZoroark,,,,,,,,,
572,Minccino,Normal,300,55,50,40,40,40,75,
,,,,,,,,,,
573,Cinccino,Normal,470,75,95,60,65,60,115,
,,,,,,,,,,
574,Gothita,Psychic,290,45,30,50,55,65,45,
,,,,,,,,,,
575,Gothorita,Psychic,390,60,45,70,75,85,55,
,,,,,,,,,,
576,Gothitelle,Psychic,490,70,55,95,95,110,65,
,,,,,,,,,,
577,Solosis,Psychic,290,45,30,40,105,50,20,
,,,,,,,,,,
578,Duosion,Psychic,370,65,40,50,125,60,30,
,,,,,,,,,,
579,Reuniclus,Psychic,490,110,65,75,125,85,30,
,,,,,,,,,,
580,Ducklett,Water,305,62,44,50,44,50,55,
,,,,,,,,,,
,,Flying,,,,,,,,
581,Swanna,Water,473,75,87,63,87,63,98,
,,,,,,,,,,
,,Flying,,,,,,,,
582,Vanillite,Ice,305,36,50,50,65,60,44,
,,,,,,,,,,
583,Vanillish,Ice,395,51,65,65,80,75,59,
,,,,,,,,,,
584,Vanilluxe,Ice,535,71,95,85,110,95,79,
,,,,,,,,,,
585,Deerling,Normal,335,60,60,50,40,50,75,
,,,,,,,,,,
,,Grass,,,,,,,,
586,Sawsbuck,Normal,475,80,100,70,60,70,95,
,,,,,,,,,,
,,Grass,,,,,,,,
587,Emolga,Electric,428,55,75,60,75,60,103,
,,,,,,,,,,
,,Flying,,,,,,,,
588,Karrablast,Bug,315,50,75,45,40,45,60,
,,,,,,,,,,
589,Escavalier,Bug,495,70,135,105,60,105,20,
,,,,,,,,,,
,,Steel,,,,,,,,
590,Foongus,Grass,294,69,55,45,55,55,15,
,,,,,,,,,,
,,Poison,,,,,,,,
591,Amoonguss,Grass,464,114,85,70,85,80,30,
,,,,,,,,,,
,,Poison,,,,,,,,
592,Frillish,Water,335,55,40,50,65,85,40,
,,,,,,,,,,
,,Ghost,,,,,,,,
593,Jellicent,Water,480,100,60,70,85,105,60,
,,,,,,,,,,
,,Ghost,,,,,,,,
594,Alomomola,Water,470,165,75,80,40,45,65,
,,,,,,,,,,
595,Joltik,Bug,319,50,47,50,57,50,65,
,,,,,,,,,,
,,Electric,,,,,,,,
596,Galvantula,Bug,472,70,77,60,97,60,108,
,,,,,,,,,,
,,Electric,,,,,,,,
597,Ferroseed,Grass,305,44,50,91,24,86,10,
,,,,,,,,,,
,,Steel,,,,,,,,
598,Ferrothorn,Grass,489,74,94,131,54,116,20,
,,,,,,,,,,
,,Steel,,,,,,,,
599,Klink,Steel,300,40,55,70,45,60,30,
,,,,,,,,,,
600,Klang,Steel,440,60,80,95,70,85,50,
,,,,,,,,,,
601,Klinklang,Steel,520,60,100,115,70,85,90,
,,,,,,,,,,
602,Tynamo,Electric,275,35,55,40,45,40,60,
,,,,,,,,,,
603,Eelektrik,Electric,405,65,85,70,75,70,40,
,,,,,,,,,,
604,Eelektross,Electric,515,85,115,80,105,80,50,
,,,,,,,,,,
605,Elgyem,Psychic,335,55,55,55,85,55,30,
,,,,,,,,,,
606,Beheeyem,Psychic,485,75,75,75,125,95,40,
,,,,,,,,,,
607,Litwick,Ghost,275,50,30,55,65,55,20,
,,,,,,,,,,
,,Fire,,,,,,,,
608,Lampent,Ghost,370,60,40,60,95,60,55,
,,,,,,,,,,
,,Fire,,,,,,,,
609,Chandelure,Ghost,520,60,55,90,145,90,80,
,,,,,,,,,,
,,Fire,,,,,,,,
610,Axew,Dragon,320,46,87,60,30,40,57,
,,,,,,,,,,
611,Fraxure,Dragon,410,66,117,70,40,50,67,
,,,,,,,,,,
612,Haxorus,Dragon,540,76,147,90,60,70,97,
,,,,,,,,,,
613,Cubchoo,Ice,305,55,70,40,60,40,40,
,,,,,,,,,,
614,Beartic,Ice,505,95,130,80,70,80,50,
,,,,,,,,,,
615,Cryogonal,Ice,515,80,50,50,95,135,105,
,,,,,,,,,,
616,Shelmet,Bug,305,50,40,85,40,65,25,
,,,,,,,,,,
617,Accelgor,Bug,495,80,70,40,100,60,145,
,,,,,,,,,,
618,Stunfisk,Ground,471,109,66,84,81,99,32,
,,,,,,,,,,
,,Electric,,,,,,,,
618,Stunfisk,Ground,471,109,81,99,66,84,32,
,,Steel,,,,,,,,
,GalarianStunfisk,,,,,,,,,
619,Mienfoo,Fighting,350,45,85,50,55,50,65,
,,,,,,,,,,
620,Mienshao,Fighting,510,65,125,60,95,60,105,
,,,,,,,,,,
621,Druddigon,Dragon,485,77,120,90,60,90,48,
,,,,,,,,,,
622,Golett,Ground,303,59,74,50,35,50,35,
,,,,,,,,,,
,,Ghost,,,,,,,,
623,Golurk,Ground,483,89,124,80,55,80,55,
,,,,,,,,,,
,,Ghost,,,,,,,,
624,Pawniard,Dark,340,45,85,70,40,40,60,
,,,,,,,,,,
,,Steel,,,,,,,,
625,Bisharp,Dark,490,65,125,100,60,70,70,
,,,,,,,,,,
,,Steel,,,,,,,,
626,Bouffalant,Normal,490,95,110,95,40,95,55,
,,,,,,,,,,
627,Rufflet,Normal,350,70,83,50,37,50,60,
,,,,,,,,,,
,,Flying,,,,,,,,
628,Braviary,Normal,510,100,123,75,57,75,80,
,,,,,,,,,,
,,Flying,,,,,,,,
628,Braviary,Psychic,510,110,83,70,112,70,65,
,,Flying,,,,,,,,
,HisuianBraviary,,,,,,,,,
629,Vullaby,Dark,370,70,55,75,45,65,60,
,,,,,,,,,,
,,Flying,,,,,,,,
630,Mandibuzz,Dark,510,110,65,105,55,95,80,
,,,,,,,,,,
,,Flying,,,,,,,,
631,Heatmor,Fire,484,85,97,66,105,66,65,
,,,,,,,,,,
632,Durant,Bug,484,58,109,112,48,48,109,
,,,,,,,,,,
,,Steel,,,,,,,,
633,Deino,Dark,300,52,65,50,45,50,38,
,,,,,,,,,,
,,Dragon,,,,,,,,
634,Zweilous,Dark,420,72,85,70,65,70,58,
,,,,,,,,,,
,,Dragon,,,,,,,,
635,Hydreigon,Dark,600,92,105,90,125,90,98,
,,,,,,,,,,
,,Dragon,,,,,,,,
636,Larvesta,Bug,360,55,85,55,50,55,60,
,,,,,,,,,,
,,Fire,,,,,,,,
637,Volcarona,Bug,550,85,60,65,135,105,100,
,,,,,,,,,,
,,Fire,,,,,,,,
638,Cobalion,Steel,580,91,90,129,90,72,108,
,,,,,,,,,,
,,Fighting,,,,,,,,
639,Terrakion,Rock,580,91,129,90,72,90,108,
,,,,,,,,,,
,,Fighting,,,,,,,,
640,Virizion,Grass,580,91,90,72,90,129,108,
,,,,,,,,,,
,,Fighting,,,,,,,,
641,Tornadus,Flying,580,79,115,70,125,80,111,
,,,,,,,,,,
,IncarnateForme,,,,,,,,,
641,Tornadus,Flying,580,79,100,80,110,90,121,
,,,,,,,,,,
,TherianForme,,,,,,,,,
642,Thundurus,Electric,580,79,115,70,125,80,111,
,,Flying,,,,,,,,
,IncarnateForme,,,,,,,,,
642,Thundurus,Electric,580,79,105,70,145,80,101,
,,Flying,,,,,,,,
,TherianForme,,,,,,,,,
643,Reshiram,Dragon,680,100,120,100,150,120,90,
,,,,,,,,,,
,,Fire,,,,,,,,
644,Zekrom,Dragon,680,100,150,120,120,100,90,
,,,,,,,,,,
,,Electric,,,,,,,,
645,Landorus,Ground,600,89,125,90,115,80,101,
,,Flying,,,,,,,,
,IncarnateForme,,,,,,,,,
645,Landorus,Ground,600,89,145,90,105,80,91,
,,Flying,,,,,,,,
,TherianForme,,,,,,,,,
646,Kyurem,Dragon,660,125,130,90,130,90,95,
,,,,,,,,,,
,,Ice,,,,,,,,
646,Kyurem,Dragon,700,125,120,90,170,100,95,
,,Ice,,,,,,,,
,WhiteKyurem,,,,,,,,,
646,Kyurem,Dragon,700,125,170,100,120,90,95,
,,Ice,,,,,,,,
,BlackKyurem,,,,,,,,,
647,Keldeo,Water,580,91,72,90,129,90,108,
,,Fighting,,,,,,,,
,OrdinaryForm,,,,,,,,,
647,Keldeo,Water,580,91,72,90,129,90,108,
,,Fighting,,,,,,,,
,ResoluteForm,,,,,,,,,
648,Meloetta,Normal,600,100,77,77,128,128,90,
,,Psychic,,,,,,,,
,AriaForme,,,,,,,,,
648,Meloetta,Normal,600,100,128,90,77,77,128,
,,Fighting,,,,,,,,
,PirouetteForme,,,,,,,,,
649,Genesect,Bug,600,71,120,95,120,95,99,
,,,,,,,,,,
,,Steel,,,,,,,,
650,Chespin,Grass,313,56,61,65,48,45,38,
,,,,,,,,,,
651,Quilladin,Grass,405,61,78,95,56,58,57,
,,,,,,,,,,
652,Chesnaught,Grass,530,88,107,122,74,75,64,
,,,,,,,,,,
,,Fighting,,,,,,,,
653,Fennekin,Fire,307,40,45,40,62,60,60,
,,,,,,,,,,
654,Braixen,Fire,409,59,59,58,90,70,73,
,,,,,,,,,,
655,Delphox,Fire,534,75,69,72,114,100,104,
,,,,,,,,,,
,,Psychic,,,,,,,,
656,Froakie,Water,314,41,56,40,62,44,71,
,,,,,,,,,,
657,Frogadier,Water,405,54,63,52,83,56,97,
,,,,,,,,,,
658,Greninja,Water,530,72,95,67,103,71,122,
,,,,,,,,,,
,,Dark,,,,,,,,
658,Greninja,Water,640,72,145,67,153,71,132,
,,Dark,,,,,,,,
,Ash-Greninja,,,,,,,,,
659,Bunnelby,Normal,237,38,36,38,32,36,57,
,,,,,,,,,,
660,Diggersby,Normal,423,85,56,77,50,77,78,
,,,,,,,,,,
,,Ground,,,,,,,,
661,Fletchling,Normal,278,45,50,43,40,38,62,
,,,,,,,,,,
,,Flying,,,,,,,,
662,Fletchinder,Fire,382,62,73,55,56,52,84,
,,,,,,,,,,
,,Flying,,,,,,,,
663,Talonflame,Fire,499,78,81,71,74,69,126,
,,,,,,,,,,
,,Flying,,,,,,,,
664,Scatterbug,Bug,200,38,35,40,27,25,35,
,,,,,,,,,,
665,Spewpa,Bug,213,45,22,60,27,30,29,
,,,,,,,,,,
666,Vivillon,Bug,411,80,52,50,90,50,89,
,,,,,,,,,,
,,Flying,,,,,,,,
667,Litleo,Fire,369,62,50,58,73,54,72,
,,,,,,,,,,
,,Normal,,,,,,,,
668,Pyroar,Fire,507,86,68,72,109,66,106,
,,,,,,,,,,
,,Normal,,,,,,,,
669,Flabébé,Fairy,303,44,38,39,61,79,42,
,,,,,,,,,,
670,Floette,Fairy,371,54,45,47,75,98,52,
,,,,,,,,,,
671,Florges,Fairy,552,78,65,68,112,154,75,
,,,,,,,,,,
672,Skiddo,Grass,350,66,65,48,62,57,52,
,,,,,,,,,,
673,Gogoat,Grass,531,123,100,62,97,81,68,
,,,,,,,,,,
674,Pancham,Fighting,348,67,82,62,46,48,43,
,,,,,,,,,,
675,Pangoro,Fighting,495,95,124,78,69,71,58,
,,,,,,,,,,
,,Dark,,,,,,,,
676,Furfrou,Normal,472,75,80,60,65,90,102,
,,,,,,,,,,
677,Espurr,Psychic,355,62,48,54,63,60,68,
,,,,,,,,,,
678,Meowstic,Psychic,466,74,48,76,83,81,104,
,,,,,,,,,,
,Male,,,,,,,,,
678,Meowstic,Psychic,466,74,48,76,83,81,104,
,,,,,,,,,,
,Female,,,,,,,,,
679,Honedge,Steel,325,45,80,100,35,37,28,
,,,,,,,,,,
,,Ghost,,,,,,,,
680,Doublade,Steel,448,59,110,150,45,49,35,
,,,,,,,,,,
,,Ghost,,,,,,,,
681,Aegislash,Steel,500,60,50,140,50,140,60,
,,Ghost,,,,,,,,
,ShieldForme,,,,,,,,,
681,Aegislash,Steel,500,60,140,50,140,50,60,
,,Ghost,,,,,,,,
,BladeForme,,,,,,,,,
682,Spritzee,Fairy,341,78,52,60,63,65,23,
,,,,,,,,,,
683,Aromatisse,Fairy,462,101,72,72,99,89,29,
,,,,,,,,,,
684,Swirlix,Fairy,341,62,48,66,59,57,49,
,,,,,,,,,,
685,Slurpuff,Fairy,480,82,80,86,85,75,72,
,,,,,,,,,,
686,Inkay,Dark,288,53,54,53,37,46,45,
,,,,,,,,,,
,,Psychic,,,,,,,,
687,Malamar,Dark,482,86,92,88,68,75,73,
,,,,,,,,,,
,,Psychic,,,,,,,,
688,Binacle,Rock,306,42,52,67,39,56,50,
,,,,,,,,,,
,,Water,,,,,,,,
689,Barbaracle,Rock,500,72,105,115,54,86,68,
,,,,,,,,,,
,,Water,,,,,,,,
690,Skrelp,Poison,320,50,60,60,60,60,30,
,,,,,,,,,,
,,Water,,,,,,,,
691,Dragalge,Poison,494,65,75,90,97,123,44,
,,,,,,,,,,
,,Dragon,,,,,,,,
692,Clauncher,Water,330,50,53,62,58,63,44,
,,,,,,,,,,
693,Clawitzer,Water,500,71,73,88,120,89,59,
,,,,,,,,,,
694,Helioptile,Electric,289,44,38,33,61,43,70,
,,,,,,,,,,
,,Normal,,,,,,,,
695,Heliolisk,Electric,481,62,55,52,109,94,109,
,,,,,,,,,,
,,Normal,,,,,,,,
696,Tyrunt,Rock,362,58,89,77,45,45,48,
,,,,,,,,,,
,,Dragon,,,,,,,,
697,Tyrantrum,Rock,521,82,121,119,69,59,71,
,,,,,,,,,,
,,Dragon,,,,,,,,
698,Amaura,Rock,362,77,59,50,67,63,46,
,,,,,,,,,,
,,Ice,,,,,,,,
699,Aurorus,Rock,521,123,77,72,99,92,58,
,,,,,,,,,,
,,Ice,,,,,,,,
700,Sylveon,Fairy,525,95,65,65,110,130,60,
,,,,,,,,,,
701,Hawlucha,Fighting,500,78,92,75,74,63,118,
,,,,,,,,,,
,,Flying,,,,,,,,
702,Dedenne,Electric,431,67,58,57,81,67,101,
,,,,,,,,,,
,,Fairy,,,,,,,,
703,Carbink,Rock,500,50,50,150,50,150,50,
,,,,,,,,,,
,,Fairy,,,,,,,,
704,Goomy,Dragon,300,45,50,35,55,75,40,
,,,,,,,,,,
705,Sliggoo,Dragon,452,68,75,53,83,113,60,
,,,,,,,,,,
705,Sliggoo,Steel,452,58,75,83,83,113,40,
,,Dragon,,,,,,,,
,HisuianSliggoo,,,,,,,,,
706,Goodra,Dragon,600,90,100,70,110,150,80,
,,,,,,,,,,
706,Goodra,Steel,600,80,100,100,110,150,60,
,,Dragon,,,,,,,,
,HisuianGoodra,,,,,,,,,
707,Klefki,Steel,470,57,80,91,80,87,75,
,,,,,,,,,,
,,Fairy,,,,,,,,
708,Phantump,Ghost,309,43,70,48,50,60,38,
,,,,,,,,,,
,,Grass,,,,,,,,
709,Trevenant,Ghost,474,85,110,76,65,82,56,
,,,,,,,,,,
,,Grass,,,,,,,,
710,Pumpkaboo,Ghost,335,49,66,70,44,55,51,
,,Grass,,,,,,,,
,AverageSize,,,,,,,,,
710,Pumpkaboo,Ghost,335,44,66,70,44,55,56,
,,Grass,,,,,,,,
,SmallSize,,,,,,,,,
710,Pumpkaboo,Ghost,335,54,66,70,44,55,46,
,,Grass,,,,,,,,
,LargeSize,,,,,,,,,
710,Pumpkaboo,Ghost,335,59,66,70,44,55,41,
,,Grass,,,,,,,,
,SuperSize,,,,,,,,,
711,Gourgeist,Ghost,494,65,90,122,58,75,84,
,,Grass,,,,,,,,
,AverageSize,,,,,,,,,
711,Gourgeist,Ghost,494,55,85,122,58,75,99,
,,Grass,,,,,,,,
,SmallSize,,,,,,,,,
711,Gourgeist,Ghost,494,75,95,122,58,75,69,
,,Grass,,,,,,,,
,LargeSize,,,,,,,,,
711,Gourgeist,Ghost,494,85,100,122,58,75,54,
,,Grass,,,,,,,,
,SuperSize,,,,,,,,,
712,Bergmite,Ice,304,55,69,85,32,35,28,
,,,,,,,,,,
713,Avalugg,Ice,514,95,117,184,44,46,28,
,,,,,,,,,,
713,Avalugg,Ice,514,95,127,184,34,36,38,
,,Rock,,,,,,,,
,HisuianAvalugg,,,,,,,,,
714,Noibat,Flying,245,40,30,35,45,40,55,
,,,,,,,,,,
,,Dragon,,,,,,,,
715,Noivern,Flying,535,85,70,80,97,80,123,
,,,,,,,,,,
,,Dragon,,,,,,,,
716,Xerneas,Fairy,680,126,131,95,131,98,99,
,,,,,,,,,,
717,Yveltal,Dark,680,126,131,95,131,98,99,
,,,,,,,,,,
,,Flying,,,,,,,,
718,Zygarde,Dragon,600,108,100,121,81,95,95,
,,Ground,,,,,,,,
,50%Forme,,,,,,,,,
718,Zygarde,Dragon,486,54,100,71,61,85,115,
,,Ground,,,,,,,,
,10%Forme,,,,,,,,,
718,Zygarde,Dragon,708,216,100,121,91,95,85,
,,Ground,,,,,,,,
,CompleteForme,,,,,,,,,
719,Diancie,Rock,600,50,100,150,100,150,50,
,,,,,,,,,,
,,Fairy,,,,,,,,
719,Diancie,Rock,700,50,160,110,160,110,110,
,,Fairy,,,,,,,,
,MegaDiancie,,,,,,,,,
720,Hoopa,Psychic,600,80,110,60,150,130,70,
,,Ghost,,,,,,,,
,HoopaConfined,,,,,,,,,
720,Hoopa,Psychic,680,80,160,60,170,130,80,
,,Dark,,,,,,,,
,HoopaUnbound,,,,,,,,,
721,Volcanion,Fire,600,80,110,120,130,90,70,
,,,,,,,,,,
,,Water,,,,,,,,
722,Rowlet,Grass,320,68,55,55,50,50,42,
,,,,,,,,,,
,,Flying,,,,,,,,
723,Dartrix,Grass,420,78,75,75,70,70,52,
,,,,,,,,,,
,,Flying,,,,,,,,
724,Decidueye,Grass,530,78,107,75,100,100,70,
,,,,,,,,,,
,,Ghost,,,,,,,,
724,Decidueye,Grass,530,88,112,80,95,95,60,
,,Fighting,,,,,,,,
,HisuianDecidueye,,,,,,,,,
725,Litten,Fire,320,45,65,40,60,40,70,
,,,,,,,,,,
726,Torracat,Fire,420,65,85,50,80,50,90,
,,,,,,,,,,
727,Incineroar,Fire,530,95,115,90,80,90,60,
,,,,,,,,,,
,,Dark,,,,,,,,
728,Popplio,Water,320,50,54,54,66,56,40,
,,,,,,,,,,
729,Brionne,Water,420,60,69,69,91,81,50,
,,,,,,,,,,
730,Primarina,Water,530,80,74,74,126,116,60,
,,,,,,,,,,
,,Fairy,,,,,,,,
731,Pikipek,Normal,265,35,75,30,30,30,65,
,,,,,,,,,,
,,Flying,,,,,,,,
732,Trumbeak,Normal,355,55,85,50,40,50,75,
,,,,,,,,,,
,,Flying,,,,,,,,
733,Toucannon,Normal,485,80,120,75,75,75,60,
,,,,,,,,,,
,,Flying,,,,,,,,
734,Yungoos,Normal,253,48,70,30,30,30,45,
,,,,,,,,,,
735,Gumshoos,Normal,418,88,110,60,55,60,45,
,,,,,,,,,,
736,Grubbin,Bug,300,47,62,45,55,45,46,
,,,,,,,,,,
737,Charjabug,Bug,400,57,82,95,55,75,36,
,,,,,,,,,,
,,Electric,,,,,,,,
738,Vikavolt,Bug,500,77,70,90,145,75,43,
,,,,,,,,,,
,,Electric,,,,,,,,
739,Crabrawler,Fighting,338,47,82,57,42,47,63,
,,,,,,,,,,
740,Crabominable,Fighting,478,97,132,77,62,67,43,
,,,,,,,,,,
,,Ice,,,,,,,,
741,Oricorio,Fire,476,75,70,70,98,70,93,
,,Flying,,,,,,,,
,BaileStyle,,,,,,,,,
741,Oricorio,Electric,476,75,70,70,98,70,93,
,,Flying,,,,,,,,
,Pom-PomStyle,,,,,,,,,
741,Oricorio,Psychic,476,75,70,70,98,70,93,
,,Flying,,,,,,,,
,Pa'uStyle,,,,,,,,,
741,Oricorio,Ghost,476,75,70,70,98,70,93,
,,Flying,,,,,,,,
,SensuStyle,,,,,,,,,
742,Cutiefly,Bug,304,40,45,40,55,40,84,
,,,,,,,,,,
,,Fairy,,,,,,,,
743,Ribombee,Bug,464,60,55,60,95,70,124,
,,,,,,,,,,
,,Fairy,,,,,,,,
744,Rockruff,Rock,280,45,65,40,30,40,60,
,,,,,,,,,,
744,Rockruff,Rock,280,45,65,40,30,40,60,
,,,,,,,,,,
,OwnTempoRockruff,,,,,,,,,
745,Lycanroc,Rock,487,75,115,65,55,65,112,
,,,,,,,,,,
,MiddayForm,,,,,,,,,
745,Lycanroc,Rock,487,85,115,75,55,75,82,
,,,,,,,,,,
,MidnightForm,,,,,,,,,
745,Lycanroc,Rock,487,75,117,65,55,65,110,
,,,,,,,,,,
,DuskForm,,,,,,,,,
746,Wishiwashi,Water,175,45,20,20,25,25,40,
,,,,,,,,,,
,SoloForm,,,,,,,,,
746,Wishiwashi,Water,620,45,140,130,140,135,30,
,,,,,,,,,,
,SchoolForm,,,,,,,,,
747,Mareanie,Poison,305,50,53,62,43,52,45,
,,,,,,,,,,
,,Water,,,,,,,,
748,Toxapex,Poison,495,50,63,152,53,142,35,
,,,,,,,,,,
,,Water,,,,,,,,
749,Mudbray,Ground,385,70,100,70,45,55,45,
,,,,,,,,,,
750,Mudsdale,Ground,500,100,125,100,55,85,35,
,,,,,,,,,,
751,Dewpider,Water,269,38,40,52,40,72,27,
,,,,,,,,,,
,,Bug,,,,,,,,
752,Araquanid,Water,454,68,70,92,50,132,42,
,,,,,,,,,,
,,Bug,,,,,,,,
753,Fomantis,Grass,250,40,55,35,50,35,35,
,,,,,,,,,,
754,Lurantis,Grass,480,70,105,90,80,90,45,
,,,,,,,,,,
755,Morelull,Grass,285,40,35,55,65,75,15,
,,,,,,,,,,
,,Fairy,,,,,,,,
756,Shiinotic,Grass,405,60,45,80,90,100,30,
,,,,,,,,,,
,,Fairy,,,,,,,,
757,Salandit,Poison,320,48,44,40,71,40,77,
,,,,,,,,,,
,,Fire,,,,,,,,
758,Salazzle,Poison,480,68,64,60,111,60,117,
,,,,,,,,,,
,,Fire,,,,,,,,
759,Stufful,Normal,340,70,75,50,45,50,50,
,,,,,,,,,,
,,Fighting,,,,,,,,
760,Bewear,Normal,500,120,125,80,55,60,60,
,,,,,,,,,,
,,Fighting,,,,,,,,
761,Bounsweet,Grass,210,42,30,38,30,38,32,
,,,,,,,,,,
762,Steenee,Grass,290,52,40,48,40,48,62,
,,,,,,,,,,
763,Tsareena,Grass,510,72,120,98,50,98,72,
,,,,,,,,,,
764,Comfey,Fairy,485,51,52,90,82,110,100,
,,,,,,,,,,
765,Oranguru,Normal,490,90,60,80,90,110,60,
,,,,,,,,,,
,,Psychic,,,,,,,,
766,Passimian,Fighting,490,100,120,90,40,60,80,
,,,,,,,,,,
767,Wimpod,Bug,230,25,35,40,20,30,80,
,,,,,,,,,,
,,Water,,,,,,,,
768,Golisopod,Bug,530,75,125,140,60,90,40,
,,,,,,,,,,
,,Water,,,,,,,,
769,Sandygast,Ghost,320,55,55,80,70,45,15,
,,,,,,,,,,
,,Ground,,,,,,,,
770,Palossand,Ghost,480,85,75,110,100,75,35,
,,,,,,,,,,
,,Ground,,,,,,,,
771,Pyukumuku,Water,410,55,60,130,30,130,5,
,,,,,,,,,,
772,Type:Null,Normal,534,95,95,95,95,95,59,
,,,,,,,,,,
773,Silvally,Normal,570,95,95,95,95,95,95,
,,,,,,,,,,
774,Minior,Rock,440,60,60,100,60,100,60,
,,Flying,,,,,,,,
,MeteorForm,,,,,,,,,
774,Minior,Rock,500,60,100,60,100,60,120,
,,Flying,,,,,,,,
,CoreForm,,,,,,,,,
775,Komala,Normal,480,65,115,65,75,95,65,
,,,,,,,,,,
776,Turtonator,Fire,485,60,78,135,91,85,36,
,,,,,,,,,,
,,Dragon,,,,,,,,
777,Togedemaru,Electric,435,65,98,63,40,73,96,
,,,,,,,,,,
,,Steel,,,,,,,,
778,Mimikyu,Ghost,476,55,90,80,50,105,96,
,,,,,,,,,,
,,Fairy,,,,,,,,
779,Bruxish,Water,475,68,105,70,70,70,92,
,,,,,,,,,,
,,Psychic,,,,,,,,
780,Drampa,Normal,485,78,60,85,135,91,36,
,,,,,,,,,,
,,Dragon,,,,,,,,
781,Dhelmise,Ghost,517,70,131,100,86,90,40,
,,,,,,,,,,
,,Grass,,,,,,,,
782,Jangmo-o,Dragon,300,45,55,65,45,45,45,
,,,,,,,,,,
783,Hakamo-o,Dragon,420,55,75,90,65,70,65,
,,,,,,,,,,
,,Fighting,,,,,,,,
784,Kommo-o,Dragon,600,75,110,125,100,105,85,
,,,,,,,,,,
,,Fighting,,,,,,,,
785,TapuKoko,Electric,570,70,115,85,95,75,130,
,,,,,,,,,,
,,Fairy,,,,,,,,
786,TapuLele,Psychic,570,70,85,75,130,115,95,
,,,,,,,,,,
,,Fairy,,,,,,,,
787,TapuBulu,Grass,570,70,130,115,85,95,75,
,,,,,,,,,,
,,Fairy,,,,,,,,
788,TapuFini,Water,570,70,75,115,95,130,85,
,,,,,,,,,,
,,Fairy,,,,,,,,
789,Cosmog,Psychic,200,43,29,31,29,31,37,
,,,,,,,,,,
790,Cosmoem,Psychic,400,43,29,131,29,131,37,
,,,,,,,,,,
791,Solgaleo,Psychic,680,137,137,107,113,89,97,
,,,,,,,,,,
,,Steel,,,,,,,,
792,Lunala,Psychic,680,137,113,89,137,107,97,
,,,,,,,,,,
,,Ghost,,,,,,,,
793,Nihilego,Rock,570,109,53,47,127,131,103,
,,,,,,,,,,
,,Poison,,,,,,,,
794,Buzzwole,Bug,570,107,139,139,53,53,79,
,,,,,,,,,,
,,Fighting,,,,,,,,
795,Pheromosa,Bug,570,71,137,37,137,37,151,
,,,,,,,,,,
,,Fighting,,,,,,,,
796,Xurkitree,Electric,570,83,89,71,173,71,83,
,,,,,,,,,,
797,Celesteela,Steel,570,97,101,103,107,101,61,
,,,,,,,,,,
,,Flying,,,,,,,,
798,Kartana,Grass,570,59,181,131,59,31,109,
,,,,,,,,,,
,,Steel,,,,,,,,
799,Guzzlord,Dark,570,223,101,53,97,53,43,
,,,,,,,,,,
,,Dragon,,,,,,,,
800,Necrozma,Psychic,600,97,107,101,127,89,79,
,,,,,,,,,,
800,Necrozma,Psychic,680,97,157,127,113,109,77,
,,Steel,,,,,,,,
,DuskManeNecrozma,,,,,,,,,
800,Necrozma,Psychic,680,97,113,109,157,127,77,
,,Ghost,,,,,,,,
,DawnWingsNecrozma,,,,,,,,,
800,Necrozma,Psychic,754,97,167,97,167,97,129,
,,Dragon,,,,,,,,
,UltraNecrozma,,,,,,,,,
801,Magearna,Steel,600,80,95,115,130,115,65,
,,,,,,,,,,
,,Fairy,,,,,,,,
802,Marshadow,Fighting,600,90,125,80,90,90,125,
,,,,,,,,,,
,,Ghost,,,,,,,,
803,Poipole,Poison,420,67,73,67,73,67,73,
,,,,,,,,,,
804,Naganadel,Poison,540,73,73,73,127,73,121,
,,,,,,,,,,
,,Dragon,,,,,,,,
805,Stakataka,Rock,570,61,131,211,53,101,13,
,,,,,,,,,,
,,Steel,,,,,,,,
806,Blacephalon,Fire,570,53,127,53,151,79,107,
,,,,,,,,,,
,,Ghost,,,,,,,,
807,Zeraora,Electric,600,88,112,75,102,80,143,
,,,,,,,,,,
808,Meltan,Steel,300,46,65,65,55,35,34,
,,,,,,,,,,
809,Melmetal,Steel,600,135,143,143,80,65,34,
,,,,,,,,,,
810,Grookey,Grass,310,50,65,50,40,40,65,
,,,,,,,,,,
811,Thwackey,Grass,420,70,85,70,55,60,80,
,,,,,,,,,,
812,Rillaboom,Grass,530,100,125,90,60,70,85,
,,,,,,,,,,
813,Scorbunny,Fire,310,50,71,40,40,40,69,
,,,,,,,,,,
814,Raboot,Fire,420,65,86,60,55,60,94,
,,,,,,,,,,
815,Cinderace,Fire,530,80,116,75,65,75,119,
,,,,,,,,,,
816,Sobble,Water,310,50,40,40,70,40,70,
,,,,,,,,,,
817,Drizzile,Water,420,65,60,55,95,55,90,
,,,,,,,,,,
818,Inteleon,Water,530,70,85,65,125,65,120,
,,,,,,,,,,
819,Skwovet,Normal,275,70,55,55,35,35,25,
,,,,,,,,,,
820,Greedent,Normal,460,120,95,95,55,75,20,
,,,,,,,,,,
821,Rookidee,Flying,245,38,47,35,33,35,57,
,,,,,,,,,,
822,Corvisquire,Flying,365,68,67,55,43,55,77,
,,,,,,,,,,
823,Corviknight,Flying,495,98,87,105,53,85,67,
,,,,,,,,,,
,,Steel,,,,,,,,
824,Blipbug,Bug,180,25,20,20,25,45,45,
,,,,,,,,,,
825,Dottler,Bug,335,50,35,80,50,90,30,
,,,,,,,,,,
,,Psychic,,,,,,,,
826,Orbeetle,Bug,505,60,45,110,80,120,90,
,,,,,,,,,,
,,Psychic,,,,,,,,
827,Nickit,Dark,245,40,28,28,47,52,50,
,,,,,,,,,,
828,Thievul,Dark,455,70,58,58,87,92,90,
,,,,,,,,,,
829,Gossifleur,Grass,250,40,40,60,40,60,10,
,,,,,,,,,,
830,Eldegoss,Grass,460,60,50,90,80,120,60,
,,,,,,,,,,
831,Wooloo,Normal,270,42,40,55,40,45,48,
,,,,,,,,,,
832,Dubwool,Normal,490,72,80,100,60,90,88,
,,,,,,,,,,
833,Chewtle,Water,284,50,64,50,38,38,44,
,,,,,,,,,,
834,Drednaw,Water,485,90,115,90,48,68,74,
,,,,,,,,,,
,,Rock,,,,,,,,
835,Yamper,Electric,270,59,45,50,40,50,26,
,,,,,,,,,,
836,Boltund,Electric,490,69,90,60,90,60,121,
,,,,,,,,,,
837,Rolycoly,Rock,240,30,40,50,40,50,30,
,,,,,,,,,,
838,Carkol,Rock,410,80,60,90,60,70,50,
,,,,,,,,,,
,,Fire,,,,,,,,
839,Coalossal,Rock,510,110,80,120,80,90,30,
,,,,,,,,,,
,,Fire,,,,,,,,
840,Applin,Grass,260,40,40,80,40,40,20,
,,,,,,,,,,
,,Dragon,,,,,,,,
841,Flapple,Grass,485,70,110,80,95,60,70,
,,,,,,,,,,
,,Dragon,,,,,,,,
842,Appletun,Grass,485,110,85,80,100,80,30,
,,,,,,,,,,
,,Dragon,,,,,,,,
843,Silicobra,Ground,315,52,57,75,35,50,46,
,,,,,,,,,,
844,Sandaconda,Ground,510,72,107,125,65,70,71,
,,,,,,,,,,
845,Cramorant,Flying,475,70,85,55,85,95,85,
,,,,,,,,,,
,,Water,,,,,,,,
846,Arrokuda,Water,280,41,63,40,40,30,66,
,,,,,,,,,,
847,Barraskewda,Water,490,61,123,60,60,50,136,
,,,,,,,,,,
848,Toxel,Electric,242,40,38,35,54,35,40,
,,,,,,,,,,
,,Poison,,,,,,,,
849,Toxtricity,Electric,502,75,98,70,114,70,75,
,,Poison,,,,,,,,
,AmpedForm,,,,,,,,,
849,Toxtricity,Electric,502,75,98,70,114,70,75,
,,Poison,,,,,,,,
,LowKeyForm,,,,,,,,,
850,Sizzlipede,Fire,305,50,65,45,50,50,45,
,,,,,,,,,,
,,Bug,,,,,,,,
851,Centiskorch,Fire,525,100,115,65,90,90,65,
,,,,,,,,,,
,,Bug,,,,,,,,
852,Clobbopus,Fighting,310,50,68,60,50,50,32,
,,,,,,,,,,
853,Grapploct,Fighting,480,80,118,90,70,80,42,
,,,,,,,,,,
854,Sinistea,Ghost,308,40,45,45,74,54,50,
,,,,,,,,,,
855,Polteageist,Ghost,508,60,65,65,134,114,70,
,,,,,,,,,,
856,Hatenna,Psychic,265,42,30,45,56,53,39,
,,,,,,,,,,
857,Hattrem,Psychic,370,57,40,65,86,73,49,
,,,,,,,,,,
858,Hatterene,Psychic,510,57,90,95,136,103,29,
,,,,,,,,,,
,,Fairy,,,,,,,,
859,Impidimp,Dark,265,45,45,30,55,40,50,
,,,,,,,,,,
,,Fairy,,,,,,,,
860,Morgrem,Dark,370,65,60,45,75,55,70,
,,,,,,,,,,
,,Fairy,,,,,,,,
861,Grimmsnarl,Dark,510,95,120,65,95,75,60,
,,,,,,,,,,
,,Fairy,,,,,,,,
862,Obstagoon,Dark,520,93,90,101,60,81,95,
,,,,,,,,,,
,,Normal,,,,,,,,
863,Perrserker,Steel,440,70,110,100,50,60,50,
,,,,,,,,,,
864,Cursola,Ghost,510,60,95,50,145,130,30,
,,,,,,,,,,
865,Sirfetch'd,Fighting,507,62,135,95,68,82,65,
,,,,,,,,,,
866,Mr.Rime,Ice,520,80,85,75,110,100,70,
,,,,,,,,,,
,,Psychic,,,,,,,,
867,Runerigus,Ground,483,58,95,145,50,105,30,
,,,,,,,,,,
,,Ghost,,,,,,,,
868,Milcery,Fairy,270,45,40,40,50,61,34,
,,,,,,,,,,
869,Alcremie,Fairy,495,65,60,75,110,121,64,
,,,,,,,,,,
870,Falinks,Fighting,470,65,100,100,70,60,75,
,,,,,,,,,,
871,Pincurchin,Electric,435,48,101,95,91,85,15,
,,,,,,,,,,
872,Snom,Ice,185,30,25,35,45,30,20,
,,,,,,,,,,
,,Bug,,,,,,,,
873,Frosmoth,Ice,475,70,65,60,125,90,65,
,,,,,,,,,,
,,Bug,,,,,,,,
874,Stonjourner,Rock,470,100,125,135,20,20,70,
,,,,,,,,,,
875,Eiscue,Ice,470,75,80,110,65,90,50,
,,,,,,,,,,
,IceFace,,,,,,,,,
875,Eiscue,Ice,470,75,80,70,65,50,130,
,,,,,,,,,,
,NoiceFace,,,,,,,,,
876,Indeedee,Psychic,475,60,65,55,105,95,95,
,,Normal,,,,,,,,
,Male,,,,,,,,,
876,Indeedee,Psychic,475,70,55,65,95,105,85,
,,Normal,,,,,,,,
,Female,,,,,,,,,
877,Morpeko,Electric,436,58,95,58,70,58,97,
,,Dark,,,,,,,,
,FullBellyMode,,,,,,,,,
877,Morpeko,Electric,436,58,95,58,70,58,97,
,,Dark,,,,,,,,
,HangryMode,,,,,,,,,
878,Cufant,Steel,330,72,80,49,40,49,40,
,,,,,,,,,,
879,Copperajah,Steel,500,122,130,69,80,69,30,
,,,,,,,,,,
880,Dracozolt,Electric,505,90,100,90,80,70,75,
,,,,,,,,,,
,,Dragon,,,,,,,,
881,Arctozolt,Electric,505,90,100,90,90,80,55,
,,,,,,,,,,
,,Ice,,,,,,,,
882,Dracovish,Water,505,90,90,100,70,80,75,
,,,,,,,,,,
,,Dragon,,,,,,,,
883,Arctovish,Water,505,90,90,100,80,90,55,
,,,,,,,,,,
,,Ice,,,,,,,,
884,Duraludon,Steel,535,70,95,115,120,50,85,
,,,,,,,,,,
,,Dragon,,,,,,,,
885,Dreepy,Dragon,270,28,60,30,40,30,82,
,,,,,,,,,,
,,Ghost,,,,,,,,
886,Drakloak,Dragon,410,68,80,50,60,50,102,
,,,,,,,,,,
,,Ghost,,,,,,,,
887,Dragapult,Dragon,600,88,120,75,100,75,142,
,,,,,,,,,,
,,Ghost,,,,,,,,
888,Zacian,Fairy,660,92,120,115,80,115,138,
,,,,,,,,,,
,HeroofManyBattles,,,,,,,,,
888,Zacian,Fairy,700,92,150,115,80,115,148,
,,Steel,,,,,,,,
,CrownedSword,,,,,,,,,
889,Zamazenta,Fighting,660,92,120,115,80,115,138,
,,,,,,,,,,
,HeroofManyBattles,,,,,,,,,
889,Zamazenta,Fighting,700,92,120,140,80,140,128,
,,Steel,,,,,,,,
,CrownedShield,,,,,,,,,
890,Eternatus,Poison,690,140,85,95,145,95,130,
,,,,,,,,,,
,,Dragon,,,,,,,,
890,Eternatus,Poison,1125,255,115,250,125,250,130,
,,Dragon,,,,,,,,
,Eternamax,,,,,,,,,
891,Kubfu,Fighting,385,60,90,60,53,50,72,
,,,,,,,,,,
892,Urshifu,Fighting,550,100,130,100,63,60,97,
,,Dark,,,,,,,,
,SingleStrikeStyle,,,,,,,,,
892,Urshifu,Fighting,550,100,130,100,63,60,97,
,,Water,,,,,,,,
,RapidStrikeStyle,,,,,,,,,
893,Zarude,Dark,600,105,120,105,70,95,105,
,,,,,,,,,,
,,Grass,,,,,,,,
894,Regieleki,Electric,580,80,100,50,100,50,200,
,,,,,,,,,,
895,Regidrago,Dragon,580,200,100,50,100,50,80,
,,,,,,,,,,
896,Glastrier,Ice,580,100,145,130,65,110,30,
,,,,,,,,,,
897,Spectrier,Ghost,580,100,65,60,145,80,130,
,,,,,,,,,,
898,Calyrex,Psychic,500,100,80,80,80,80,80,
,,,,,,,,,,
,,Grass,,,,,,,,
898,Calyrex,Psychic,680,100,165,150,85,130,50,
,,Ice,,,,,,,,
,IceRider,,,,,,,,,
898,Calyrex,Psychic,680,100,85,80,165,100,150,
,,Ghost,,,,,,,,
,ShadowRider,,,,,,,,,
899,Wyrdeer,Normal,525,103,105,72,105,75,65,
,,,,,,,,,,
,,Psychic,,,,,,,,
900,Kleavor,Bug,500,70,135,95,45,70,85,
,,,,,,,,,,
,,Rock,,,,,,,,
901,Ursaluna,Ground,550,130,140,105,45,80,50,
,,,,,,,,,,
,,Normal,,,,,,,,
902,Basculegion,Water,530,120,112,65,80,75,78,
,,Ghost,,,,,,,,
,Male,,,,,,,,,
902,Basculegion,Water,530,120,92,65,100,75,78,
,,Ghost,,,,,,,,
,Female,,,,,,,,,
903,Sneasler,Fighting,510,80,130,60,40,80,120,
,,,,,,,,,,
,,Poison,,,,,,,,
904,Overqwil,Dark,510,85,115,95,65,65,85,
,,,,,,,,,,
,,Poison,,,,,,,,
905,Enamorus,Fairy,580,74,115,70,135,80,106,
,,Flying,,,,,,,,
,IncarnateForme,,,,,,,,,
905,Enamorus,Fairy,580,74,115,110,135,100,46,
,,Flying,,,,,,,,
,TherianForme,,,,,,,,,
906,Sprigatito,Grass,310,40,61,54,45,45,65,
,,,,,,,,,,
907,Floragato,Grass,410,61,80,63,60,63,83,
,,,,,,,,,,
908,Meowscarada,Grass,530,76,110,70,81,70,123,
,,,,,,,,,,
,,Dark,,,,,,,,
909,Fuecoco,Fire,310,67,45,59,63,40,36,
,,,,,,,,,,
910,Crocalor,Fire,411,81,55,78,90,58,49,
,,,,,,,,,,
911,Skeledirge,Fire,530,104,75,100,110,75,66,
,,,,,,,,,,
,,Ghost,,,,,,,,
912,Quaxly,Water,310,55,65,45,50,45,50,
,,,,,,,,,,
913,Quaxwell,Water,410,70,85,65,65,60,65,
,,,,,,,,,,
914,Quaquaval,Water,530,85,120,80,85,75,85,
,,,,,,,,,,
,,Fighting,,,,,,,,
915,Lechonk,Normal,254,54,45,40,35,45,35,
,,,,,,,,,,
916,Oinkologne,Normal,489,110,100,75,59,80,65,
,,,,,,,,,,
,Male,,,,,,,,,
916,Oinkologne,Normal,489,115,90,70,59,90,65,
,,,,,,,,,,
,Female,,,,,,,,,
917,Tarountula,Bug,210,35,41,45,29,40,20,
,,,,,,,,,,
918,Spidops,Bug,404,60,79,92,52,86,35,
,,,,,,,,,,
919,Nymble,Bug,210,33,46,40,21,25,45,
,,,,,,,,,,
920,Lokix,Bug,450,71,102,78,52,55,92,
,,,,,,,,,,
,,Dark,,,,,,,,
921,Pawmi,Electric,240,45,50,20,40,25,60,
,,,,,,,,,,
922,Pawmo,Electric,350,60,75,40,50,40,85,
,,,,,,,,,,
,,Fighting,,,,,,,,
923,Pawmot,Electric,490,70,115,70,70,60,105,
,,,,,,,,,,
,,Fighting,,,,,,,,
924,Tandemaus,Normal,305,50,50,45,40,45,75,
,,,,,,,,,,
925,Maushold,Normal,470,74,75,70,65,75,111,
,,,,,,,,,,
,FamilyofFour,,,,,,,,,
925,Maushold,Normal,470,74,75,70,65,75,111,
,,,,,,,,,,
,FamilyofThree,,,,,,,,,
926,Fidough,Fairy,312,37,55,70,30,55,65,
,,,,,,,,,,
927,Dachsbun,Fairy,477,57,80,115,50,80,95,
,,,,,,,,,,
928,Smoliv,Grass,260,41,35,45,58,51,30,
,,,,,,,,,,
,,Normal,,,,,,,,
929,Dolliv,Grass,354,52,53,60,78,78,33,
,,,,,,,,,,
,,Normal,,,,,,,,
930,Arboliva,Grass,510,78,69,90,125,109,39,
,,,,,,,,,,
,,Normal,,,,,,,,
931,Squawkabilly,Normal,417,82,96,51,45,51,92,
,,Flying,,,,,,,,
,GreenPlumage,,,,,,,,,
931,Squawkabilly,Normal,417,82,96,51,45,51,92,
,,Flying,,,,,,,,
,BluePlumage,,,,,,,,,
931,Squawkabilly,Normal,417,82,96,51,45,51,92,
,,Flying,,,,,,,,
,YellowPlumage,,,,,,,,,
931,Squawkabilly,Normal,417,82,96,51,45,51,92,
,,Flying,,,,,,,,
,WhitePlumage,,,,,,,,,
932,Nacli,Rock,280,55,55,75,35,35,25,
,,,,,,,,,,
933,Naclstack,Rock,355,60,60,100,35,65,35,
,,,,,,,,,,
934,Garganacl,Rock,500,100,100,130,45,90,35,
,,,,,,,,,,
935,Charcadet,Fire,255,40,50,40,50,40,35,
,,,,,,,,,,
936,Armarouge,Fire,525,85,60,100,125,80,75,
,,,,,,,,,,
,,Psychic,,,,,,,,
937,Ceruledge,Fire,525,75,125,80,60,100,85,
,,,,,,,,,,
,,Ghost,,,,,,,,
938,Tadbulb,Electric,272,61,31,41,59,35,45,
,,,,,,,,,,
939,Bellibolt,Electric,495,109,64,91,103,83,45,
,,,,,,,,,,
940,Wattrel,Electric,280,40,40,35,55,40,70,
,,,,,,,,,,
,,Flying,,,,,,,,
941,Kilowattrel,Electric,490,70,70,60,105,60,125,
,,,,,,,,,,
,,Flying,,,,,,,,
942,Maschiff,Dark,340,60,78,60,40,51,51,
,,,,,,,,,,
943,Mabosstiff,Dark,505,80,120,90,60,70,85,
,,,,,,,,,,
944,Shroodle,Poison,290,40,65,35,40,35,75,
,,,,,,,,,,
,,Normal,,,,,,,,
945,Grafaiai,Poison,485,63,95,65,80,72,110,
,,,,,,,,,,
,,Normal,,,,,,,,
946,Bramblin,Grass,275,40,65,30,45,35,60,
,,,,,,,,,,
,,Ghost,,,,,,,,
947,Brambleghast,Grass,480,55,115,70,80,70,90,
,,,,,,,,,,
,,Ghost,,,,,,,,
948,Toedscool,Ground,335,40,40,35,50,100,70,
,,,,,,,,,,
,,Grass,,,,,,,,
949,Toedscruel,Ground,515,80,70,65,80,120,100,
,,,,,,,,,,
,,Grass,,,,,,,,
950,Klawf,Rock,450,70,100,115,35,55,75,
,,,,,,,,,,
951,Capsakid,Grass,304,50,62,40,62,40,50,
,,,,,,,,,,
952,Scovillain,Grass,486,65,108,65,108,65,75,
,,,,,,,,,,
,,Fire,,,,,,,,
953,Rellor,Bug,270,41,50,60,31,58,30,
,,,,,,,,,,
954,Rabsca,Bug,470,75,50,85,115,100,45,
,,,,,,,,,,
,,Psychic,,,,,,,,
955,Flittle,Psychic,255,30,35,30,55,30,75,
,,,,,,,,,,
956,Espathra,Psychic,481,95,60,60,101,60,105,
,,,,,,,,,,
957,Tinkatink,Fairy,297,50,45,45,35,64,58,
,,,,,,,,,,
,,Steel,,,,,,,,
958,Tinkatuff,Fairy,380,65,55,55,45,82,78,
,,,,,,,,,,
,,Steel,,,,,,,,
959,Tinkaton,Fairy,506,85,75,77,70,105,94,
,,,,,,,,,,
,,Steel,,,,,,,,
960,Wiglett,Water,245,10,55,25,35,25,95,
,,,,,,,,,,
961,Wugtrio,Water,425,35,100,50,50,70,120,
,,,,,,,,,,
962,Bombirdier,Flying,485,70,103,85,60,85,82,
,,,,,,,,,,
,,Dark,,,,,,,,
963,Finizen,Water,315,70,45,40,45,40,75,
,,,,,,,,,,
964,Palafin,Water,457,100,70,72,53,62,100,
,,,,,,,,,,
,ZeroForm,,,,,,,,,
964,Palafin,Water,650,100,160,97,106,87,100,
,,,,,,,,,,
,HeroForm,,,,,,,,,
965,Varoom,Steel,300,45,70,63,30,45,47,
,,,,,,,,,,
,,Poison,,,,,,,,
966,Revavroom,Steel,500,80,119,90,54,67,90,
,,,,,,,,,,
,,Poison,,,,,,,,
967,Cyclizar,Dragon,501,70,95,65,85,65,121,
,,,,,,,,,,
,,Normal,,,,,,,,
968,Orthworm,Steel,480,70,85,145,60,55,65,
,,,,,,,,,,
969,Glimmet,Rock,350,48,35,42,105,60,60,
,,,,,,,,,,
,,Poison,,,,,,,,
970,Glimmora,Rock,525,83,55,90,130,81,86,
,,,,,,,,,,
,,Poison,,,,,,,,
971,Greavard,Ghost,290,50,61,60,30,55,34,
,,,,,,,,,,
972,Houndstone,Ghost,488,72,101,100,50,97,68,
,,,,,,,,,,
973,Flamigo,Flying,500,82,115,74,75,64,90,
,,,,,,,,,,
,,Fighting,,,,,,,,
974,Cetoddle,Ice,334,108,68,45,30,40,43,
,,,,,,,,,,
975,Cetitan,Ice,521,170,113,65,45,55,73,
,,,,,,,,,,
976,Veluza,Water,478,90,102,73,78,65,70,
,,,,,,,,,,
,,Psychic,,,,,,,,
977,Dondozo,Water,530,150,100,115,65,65,35,
,,,,,,,,,,
978,Tatsugiri,Dragon,475,68,50,60,120,95,82,
,,Water,,,,,,,,
,CurlyForm,,,,,,,,,
978,Tatsugiri,Dragon,475,68,50,60,120,95,82,
,,Water,,,,,,,,
,DroopyForm,,,,,,,,,
978,Tatsugiri,Dragon,475,68,50,60,120,95,82,
,,Water,,,,,,,,
,StretchyForm,,,,,,,,,
979,Annihilape,Fighting,535,110,115,80,50,90,90,
,,,,,,,,,,
,,Ghost,,,,,,,,
980,Clodsire,Poison,430,130,75,60,45,100,20,
,,,,,,,,,,
,,Ground,,,,,,,,
981,Farigiraf,Normal,520,120,90,70,110,70,60,
,,,,,,,,,,
,,Psychic,,,,,,,,
982,Dudunsparce,Normal,520,125,100,80,85,75,55,
,,,,,,,,,,
,Two-SegmentForm,,,,,,,,,
982,Dudunsparce,Normal,520,125,100,80,85,75,55,
,,,,,,,,,,
,Three-SegmentForm,,,,,,,,,
983,Kingambit,Dark,550,100,135,120,60,85,50,
,,,,,,,,,,
,,Steel,,,,,,,,
984,GreatTusk,Ground,570,115,131,131,53,53,87,
,,,,,,,,,,
,,Fighting,,,,,,,,
985,ScreamTail,Fairy,570,115,65,99,65,115,111,
,,,,,,,,,,
,,Psychic,,,,,,,,
986,BruteBonnet,Grass,570,111,127,99,79,99,55,
,,,,,,,,,,
,,Dark,,,,,,,,
987,FlutterMane,Ghost,570,55,55,55,135,135,135,
,,,,,,,,,,
,,Fairy,,,,,,,,
988,SlitherWing,Bug,570,85,135,79,85,105,81,
,,,,,,,,,,
,,Fighting,,,,,,,,
989,SandyShocks,Electric,570,85,81,97,121,85,101,
,,,,,,,,,,
,,Ground,,,,,,,,
990,IronTreads,Ground,570,90,112,120,72,70,106,
,,,,,,,,,,
,,Steel,,,,,,,,
991,IronBundle,Ice,570,56,80,114,124,60,136,
,,,,,,,,,,
,,Water,,,,,,,,
992,IronHands,Fighting,570,154,140,108,50,68,50,
,,,,,,,,,,
,,Electric,,,,,,,,
993,IronJugulis,Dark,570,94,80,86,122,80,108,
,,,,,,,,,,
,,Flying,,,,,,,,
994,IronMoth,Fire,570,80,70,60,140,110,110,
,,,,,,,,,,
,,Poison,,,,,,,,
995,IronThorns,Rock,570,100,134,110,70,84,72,
,,,,,,,,,,
,,Electric,,,,,,,,
996,Frigibax,Dragon,320,65,75,45,35,45,55,
,,,,,,,,,,
,,Ice,,,,,,,,
997,Arctibax,Dragon,423,90,95,66,45,65,62,
,,,,,,,,,,
,,Ice,,,,,,,,
998,Baxcalibur,Dragon,600,115,145,92,75,86,87,
,,,,,,,,,,
,,Ice,,,,,,,,
999,Gimmighoul,Ghost,300,45,30,70,75,70,10,
,,,,,,,,,,
,ChestForm,,,,,,,,,
999,Gimmighoul,Ghost,300,45,30,25,75,45,80,
,,,,,,,,,,
,RoamingForm,,,,,,,,,
1000,Gholdengo,Steel,550,87,60,95,133,91,84,
,,,,,,,,,,
,,Ghost,,,,,,,,
1001,Wo-Chien,Dark,570,85,85,100,95,135,70,
,,,,,,,,,,
,,Grass,,,,,,,,
1002,Chien-Pao,Dark,570,80,120,80,90,65,135,
,,,,,,,,,,
,,Ice,,,,,,,,
1003,Ting-Lu,Dark,570,155,110,125,55,80,45,
,,,,,,,,,,
,,Ground,,,,,,,,
1004,Chi-Yu,Dark,570,55,80,80,135,120,100,
,,,,,,,,,,
,,Fire,,,,,,,,
1005,RoaringMoon,Dragon,590,105,139,71,55,101,119,
,,,,,,,,,,
,,Dark,,,,,,,,
1006,IronValiant,Fairy,590,74,130,90,120,60,116,
,,,,,,,,,,
,,Fighting,,,,,,,,
1007,Koraidon,Fighting,670,100,135,115,85,100,135,
,,,,,,,,,,
,,Dragon,,,,,,,,
1008,Miraidon,Electric,670,100,85,100,135,115,135,
,,,,,,,,,,
,,Dragon,,,,,,,,
1009,WalkingWake,Water,590,99,83,91,125,83,109,
,,,,,,,,,,
,,Dragon,,,,,,,,
1010,IronLeaves,Grass,590,90,130,88,70,108,104,
,,,,,,,,,,
,,Psychic,,,,,,,,